[{
        "id": "",
        "area": "General - Administración de Empresas y afines"
    },
    {
        "id": "",
        "area": "General - Biblioteca y Archivo"
    },
    {
        "id": "",
        "area": "General - Call Center/ Telecobranzas"
    },
    {
        "id": "",
        "area": "General - Chofer/ Gestoría"
    },
    {
        "id": "",
        "area": "General - Comercio Exterior"
    },
    {
        "id": "",
        "area": "General - Compras"
    },
    {
        "id": "",
        "area": "General - Consultoría"
    },
    {
        "id": "",
        "area": "General - Contabilidad y Auditoría"
    },
    {
        "id": "",
        "area": "General - Finanzas/Tesorería/ Caja"
    },
    {
        "id": "",
        "area": "General - Gerencia de Empresas"
    },
    {
        "id": "",
        "area": "General - Informática/ Internet/ Web"
    },
    {
        "id": "",
        "area": "General - Logística/ Depósito"
    },
    {
        "id": "",
        "area": "General - Marketing (o Mercadeo)"
    },
    {
        "id": "",
        "area": "General - Oficios / Mandos Medios varios *"
    },
    {
        "id": "",
        "area": "General - Organización y Métodos"
    },
    {
        "id": "",
        "area": "General - Producción y afines *"
    },
    {
        "id": "",
        "area": "General - Recursos Humanos"
    },
    {
        "id": "",
        "area": "General - Relaciones Públicas"
    },
    {
        "id": "",
        "area": "General - Secretaría/Recepción/Atc al Cliente"
    },
    {
        "id": "",
        "area": "General - Seguridad"
    },
    {
        "id": "",
        "area": "General - Ventas/ Comercio/ Telemarketing"
    },
    {
        "id": "",
        "area": "Profesional - Artistico / Plástica *"
    },
    {
        "id": "",
        "area": "Profesional - Belleza y Estética *"
    },
    {
        "id": "",
        "area": "Profesional - Deportes"
    },
    {
        "id": "",
        "area": "Profesional - Diseño de Interiores/ Textil"
    },
    {
        "id": "",
        "area": "Profesional - Diseño Gráfico / Industrial"
    },
    {
        "id": "",
        "area": "Profesional - Economía"
    },
    {
        "id": "",
        "area": "Profesional - Educación"
    },
    {
        "id": "",
        "area": "Profesional - Fotografía"
    },
    {
        "id": "",
        "area": "Profesional - Gerencia de Proyectos (General)"
    },
    {
        "id": "",
        "area": "Profesional - Jurídica y Legales"
    },
    {
        "id": "",
        "area": "Profesional - Literatura"
    },
    {
        "id": "",
        "area": "Profesional - Matemática"
    },
    {
        "id": "",
        "area": "Profesional - Música"
    },
    {
        "id": "",
        "area": "Profesional - Psicología"
    },
    {
        "id": "",
        "area": "Profesional - Salud y Nutrición"
    },
    {
        "id": "",
        "area": "Profesional - Servicio Social"
    },
    {
        "id": "",
        "area": "Profesional - Traductor de Idiomas"
    },
    {
        "id": "",
        "area": "Profesional - Veterinaria"
    },
    {
        "id": "",
        "area": "Sectorial - Aeronáutica y Meteorología"
    },
    {
        "id": "",
        "area": "Sectorial - Agropecuaria *"
    },
    {
        "id": "",
        "area": "Sectorial - Ambiental / Forestal"
    },
    {
        "id": "",
        "area": "Sectorial - Arquitectura"
    },
    {
        "id": "",
        "area": "Sectorial - Artes Escénicas"
    },
    {
        "id": "",
        "area": "Sectorial - Biología"
    },
    {
        "id": "",
        "area": "Sectorial - Bioquímica"
    },
    {
        "id": "",
        "area": "Sectorial - Comunicación Audiovisual"
    },
    {
        "id": "",
        "area": "Sectorial - Construcción Civil *"
    },
    {
        "id": "",
        "area": "Sectorial - Electricidad del Automóvil"
    },
    {
        "id": "",
        "area": "Sectorial - Electricidad/ Electromecánica"
    },
    {
        "id": "",
        "area": "Sectorial - Electrónica y afines"
    },
    {
        "id": "",
        "area": "Sectorial - Farmacia"
    },
    {
        "id": "",
        "area": "Sectorial - Fuerzas Armadas"
    },
    {
        "id": "",
        "area": "Sectorial - Gastronomia *"
    },
    {
        "id": "",
        "area": "Sectorial - Geología"
    },
    {
        "id": "",
        "area": "Sectorial - Hotelería / Viajes / Turismo"
    },
    {
        "id": "",
        "area": "Sectorial - Ingeniería Civil"
    },
    {
        "id": "",
        "area": "Sectorial - Ingeniería Industrial"
    },
    {
        "id": "",
        "area": "Sectorial - Mecánica del Automóvil/ Motos *"
    },
    {
        "id": "",
        "area": "Sectorial - Mecánica Industrial"
    },
    {
        "id": "",
        "area": "Sectorial - Metalúrgica"
    },
    {
        "id": "",
        "area": "Sectorial - Microbiología de Alimentos"
    },
    {
        "id": "",
        "area": "Sectorial - Navegación y Puertos"
    },
    {
        "id": "",
        "area": "Sectorial - Periodismo"
    },
    {
        "id": "",
        "area": "Sectorial - Publicidad"
    },
    {
        "id": "",
        "area": "Sectorial - Química"
    },
    {
        "id": "",
        "area": "Sectorial - Seguros"
    },
    {
        "id": "",
        "area": "Sectorial - Servicios Ministeriales/ Religiosos"
    },
    {
        "id": "",
        "area": "Sectorial - Telecomunicaciones"
    }
]