[
  {
    "id": "5,001",
    "ciudad": "Medellín",
    "departamento_id": 5
  },
  {
    "id": "5,002",
    "ciudad": "Abejorral",
    "departamento_id": 5
  },
  {
    "id": "5,004",
    "ciudad": "Abriaquí",
    "departamento_id": 5
  },
  {
    "id": "5,021",
    "ciudad": "Alejandría",
    "departamento_id": 5
  },
  {
    "id": "5,03",
    "ciudad": "Amagá",
    "departamento_id": 5
  },
  {
    "id": "5,031",
    "ciudad": "Amalfi",
    "departamento_id": 5
  },
  {
    "id": "5,034",
    "ciudad": "Andes",
    "departamento_id": 5
  },
  {
    "id": "5,036",
    "ciudad": "Angelópolis",
    "departamento_id": 5
  },
  {
    "id": "5,038",
    "ciudad": "Angostura",
    "departamento_id": 5
  },
  {
    "id": "5,04",
    "ciudad": "Anorí",
    "departamento_id": 5
  },
  {
    "id": "5,044",
    "ciudad": "Anza",
    "departamento_id": 5
  },
  {
    "id": "5,045",
    "ciudad": "Apartadó",
    "departamento_id": 5
  },
  {
    "id": "5,051",
    "ciudad": "Arboletes",
    "departamento_id": 5
  },
  {
    "id": "5,055",
    "ciudad": "Argelia",
    "departamento_id": 5
  },
  {
    "id": "5,059",
    "ciudad": "Armenia",
    "departamento_id": 5
  },
  {
    "id": "5,079",
    "ciudad": "Barbosa",
    "departamento_id": 5
  },
  {
    "id": "5,088",
    "ciudad": "Bello",
    "departamento_id": 5
  },
  {
    "id": "5,091",
    "ciudad": "Betania",
    "departamento_id": 5
  },
  {
    "id": "5,093",
    "ciudad": "Betulia",
    "departamento_id": 5
  },
  {
    "id": "5,101",
    "ciudad": "Ciudad Bolívar",
    "departamento_id": 5
  },
  {
    "id": "5,107",
    "ciudad": "Briceño",
    "departamento_id": 5
  },
  {
    "id": "5,113",
    "ciudad": "Buriticá",
    "departamento_id": 5
  },
  {
    "id": "5,12",
    "ciudad": "Cáceres",
    "departamento_id": 5
  },
  {
    "id": "5,125",
    "ciudad": "Caicedo",
    "departamento_id": 5
  },
  {
    "id": "5,129",
    "ciudad": "Caldas",
    "departamento_id": 5
  },
  {
    "id": "5,134",
    "ciudad": "Campamento",
    "departamento_id": 5
  },
  {
    "id": "5,138",
    "ciudad": "Cañasgordas",
    "departamento_id": 5
  },
  {
    "id": "5,142",
    "ciudad": "Caracolí",
    "departamento_id": 5
  },
  {
    "id": "5,145",
    "ciudad": "Caramanta",
    "departamento_id": 5
  },
  {
    "id": "5,147",
    "ciudad": "Carepa",
    "departamento_id": 5
  },
  {
    "id": "5,15",
    "ciudad": "Carolina",
    "departamento_id": 5
  },
  {
    "id": "5,154",
    "ciudad": "Caucasia",
    "departamento_id": 5
  },
  {
    "id": "5,172",
    "ciudad": "Chigorodó",
    "departamento_id": 5
  },
  {
    "id": "5,19",
    "ciudad": "Cisneros",
    "departamento_id": 5
  },
  {
    "id": "5,197",
    "ciudad": "Cocorná",
    "departamento_id": 5
  },
  {
    "id": "5,206",
    "ciudad": "Concepción",
    "departamento_id": 5
  },
  {
    "id": "5,209",
    "ciudad": "Concordia",
    "departamento_id": 5
  },
  {
    "id": "5,212",
    "ciudad": "Copacabana",
    "departamento_id": 5
  },
  {
    "id": "5,234",
    "ciudad": "Dabeiba",
    "departamento_id": 5
  },
  {
    "id": "5,237",
    "ciudad": "Don Matías",
    "departamento_id": 5
  },
  {
    "id": "5,24",
    "ciudad": "Ebéjico",
    "departamento_id": 5
  },
  {
    "id": "5,25",
    "ciudad": "El Bagre",
    "departamento_id": 5
  },
  {
    "id": "5,264",
    "ciudad": "Entrerrios",
    "departamento_id": 5
  },
  {
    "id": "5,266",
    "ciudad": "Envigado",
    "departamento_id": 5
  },
  {
    "id": "5,282",
    "ciudad": "Fredonia",
    "departamento_id": 5
  },
  {
    "id": "5,306",
    "ciudad": "Giraldo",
    "departamento_id": 5
  },
  {
    "id": "5,308",
    "ciudad": "Girardota",
    "departamento_id": 5
  },
  {
    "id": "5,31",
    "ciudad": "Gómez Plata",
    "departamento_id": 5
  },
  {
    "id": "5,315",
    "ciudad": "Guadalupe",
    "departamento_id": 5
  },
  {
    "id": "5,318",
    "ciudad": "Guarne",
    "departamento_id": 5
  },
  {
    "id": "5,321",
    "ciudad": "Guatapé",
    "departamento_id": 5
  },
  {
    "id": "5,347",
    "ciudad": "Heliconia",
    "departamento_id": 5
  },
  {
    "id": "5,353",
    "ciudad": "Hispania",
    "departamento_id": 5
  },
  {
    "id": "5,36",
    "ciudad": "Itagui",
    "departamento_id": 5
  },
  {
    "id": "5,361",
    "ciudad": "Ituango",
    "departamento_id": 5
  },
  {
    "id": "5,368",
    "ciudad": "Jericó",
    "departamento_id": 5
  },
  {
    "id": "5,376",
    "ciudad": "La Ceja",
    "departamento_id": 5
  },
  {
    "id": "5,38",
    "ciudad": "La Estrella",
    "departamento_id": 5
  },
  {
    "id": "5,39",
    "ciudad": "La Pintada",
    "departamento_id": 5
  },
  {
    "id": "5,4",
    "ciudad": "La Unión",
    "departamento_id": 5
  },
  {
    "id": "5,411",
    "ciudad": "Liborina",
    "departamento_id": 5
  },
  {
    "id": "5,425",
    "ciudad": "Maceo",
    "departamento_id": 5
  },
  {
    "id": "5,44",
    "ciudad": "Marinilla",
    "departamento_id": 5
  },
  {
    "id": "5,467",
    "ciudad": "Montebello",
    "departamento_id": 5
  },
  {
    "id": "5,475",
    "ciudad": "Murindó",
    "departamento_id": 5
  },
  {
    "id": "5,48",
    "ciudad": "Mutatá",
    "departamento_id": 5
  },
  {
    "id": "5,483",
    "ciudad": "Nariño",
    "departamento_id": 5
  },
  {
    "id": "5,49",
    "ciudad": "Necoclí",
    "departamento_id": 5
  },
  {
    "id": "5,495",
    "ciudad": "Nechí",
    "departamento_id": 5
  },
  {
    "id": "5,501",
    "ciudad": "Olaya",
    "departamento_id": 5
  },
  {
    "id": "5,541",
    "ciudad": "Peñol",
    "departamento_id": 5
  },
  {
    "id": "5,543",
    "ciudad": "Peque",
    "departamento_id": 5
  },
  {
    "id": "5,576",
    "ciudad": "Pueblorrico",
    "departamento_id": 5
  },
  {
    "id": "5,579",
    "ciudad": "Puerto Berrío",
    "departamento_id": 5
  },
  {
    "id": "5,585",
    "ciudad": "Puerto Nare",
    "departamento_id": 5
  },
  {
    "id": "5,591",
    "ciudad": "Puerto Triunfo",
    "departamento_id": 5
  },
  {
    "id": "5,604",
    "ciudad": "Remedios",
    "departamento_id": 5
  },
  {
    "id": "5,607",
    "ciudad": "Retiro",
    "departamento_id": 5
  },
  {
    "id": "5,615",
    "ciudad": "Rionegro",
    "departamento_id": 5
  },
  {
    "id": "5,628",
    "ciudad": "Sabanalarga",
    "departamento_id": 5
  },
  {
    "id": "5,631",
    "ciudad": "Sabaneta",
    "departamento_id": 5
  },
  {
    "id": "5,642",
    "ciudad": "Salgar",
    "departamento_id": 5
  },
  {
    "id": "5,652",
    "ciudad": "San Francisco",
    "departamento_id": 5
  },
  {
    "id": "5,656",
    "ciudad": "San Jerónimo",
    "departamento_id": 5
  },
  {
    "id": "5,66",
    "ciudad": "San Luis",
    "departamento_id": 5
  },
  {
    "id": "5,664",
    "ciudad": "San Pedro",
    "departamento_id": 5
  },
  {
    "id": "5,667",
    "ciudad": "San Rafael",
    "departamento_id": 5
  },
  {
    "id": "5,67",
    "ciudad": "San Roque",
    "departamento_id": 5
  },
  {
    "id": "5,674",
    "ciudad": "San Vicente",
    "departamento_id": 5
  },
  {
    "id": "5,679",
    "ciudad": "Santa Bárbara",
    "departamento_id": 5
  },
  {
    "id": "5,69",
    "ciudad": "Santo Domingo",
    "departamento_id": 5
  },
  {
    "id": "5,697",
    "ciudad": "El Santuario",
    "departamento_id": 5
  },
  {
    "id": "5,736",
    "ciudad": "Segovia",
    "departamento_id": 5
  },
  {
    "id": "5,761",
    "ciudad": "Sopetrán",
    "departamento_id": 5
  },
  {
    "id": "5,789",
    "ciudad": "Támesis",
    "departamento_id": 5
  },
  {
    "id": "5,79",
    "ciudad": "Tarazá",
    "departamento_id": 5
  },
  {
    "id": "5,792",
    "ciudad": "Tarso",
    "departamento_id": 5
  },
  {
    "id": "5,809",
    "ciudad": "Titiribí",
    "departamento_id": 5
  },
  {
    "id": "5,819",
    "ciudad": "Toledo",
    "departamento_id": 5
  },
  {
    "id": "5,837",
    "ciudad": "Turbo",
    "departamento_id": 5
  },
  {
    "id": "5,842",
    "ciudad": "Uramita",
    "departamento_id": 5
  },
  {
    "id": "5,847",
    "ciudad": "Urrao",
    "departamento_id": 5
  },
  {
    "id": "5,854",
    "ciudad": "Valdivia",
    "departamento_id": 5
  },
  {
    "id": "5,856",
    "ciudad": "Valparaíso",
    "departamento_id": 5
  },
  {
    "id": "5,858",
    "ciudad": "Vegachí",
    "departamento_id": 5
  },
  {
    "id": "5,861",
    "ciudad": "Venecia",
    "departamento_id": 5
  },
  {
    "id": "5,885",
    "ciudad": "Yalí",
    "departamento_id": 5
  },
  {
    "id": "5,887",
    "ciudad": "Yarumal",
    "departamento_id": 5
  },
  {
    "id": "5,89",
    "ciudad": "Yolombó",
    "departamento_id": 5
  },
  {
    "id": "5,893",
    "ciudad": "Yondó",
    "departamento_id": 5
  },
  {
    "id": "5,895",
    "ciudad": "Zaragoza",
    "departamento_id": 5
  },
  {
    "id": "5,284",
    "ciudad": "Frontino",
    "departamento_id": 5
  },
  {
    "id": "5,313",
    "ciudad": "Granada",
    "departamento_id": 5
  },
  {
    "id": "5,364",
    "ciudad": "Jardín",
    "departamento_id": 5
  },
  {
    "id": "5,756",
    "ciudad": "Sonsón",
    "departamento_id": 5
  },
  {
    "id": "5,086",
    "ciudad": "Belmira",
    "departamento_id": 5
  },
  {
    "id": "5,665",
    "ciudad": "San Pedro de Uraba",
    "departamento_id": 5
  },
  {
    "id": "5,042",
    "ciudad": "Santafé de Antioquia",
    "departamento_id": 5
  },
  {
    "id": "5,686",
    "ciudad": "Santa Rosa de Osos",
    "departamento_id": 5
  },
  {
    "id": "5,647",
    "ciudad": "San Andrés de Cuerquía",
    "departamento_id": 5
  },
  {
    "id": "5,873",
    "ciudad": "Vigía del Fuerte",
    "departamento_id": 5
  },
  {
    "id": "5,658",
    "ciudad": "San José de La Montaña",
    "departamento_id": 5
  },
  {
    "id": "5,659",
    "ciudad": "San Juan de Urabá",
    "departamento_id": 5
  },
  {
    "id": "5,148",
    "ciudad": "El Carmen de Viboral",
    "departamento_id": 5
  },
  {
    "id": "5,649",
    "ciudad": "San Carlos",
    "departamento_id": 5
  },
  {
    "id": "8,001",
    "ciudad": "Barranquilla",
    "departamento_id": 8
  },
  {
    "id": "8,078",
    "ciudad": "Baranoa",
    "departamento_id": 8
  },
  {
    "id": "8,141",
    "ciudad": "Candelaria",
    "departamento_id": 8
  },
  {
    "id": "8,296",
    "ciudad": "Galapa",
    "departamento_id": 8
  },
  {
    "id": "8,421",
    "ciudad": "Luruaco",
    "departamento_id": 8
  },
  {
    "id": "8,433",
    "ciudad": "Malambo",
    "departamento_id": 8
  },
  {
    "id": "8,436",
    "ciudad": "Manatí",
    "departamento_id": 8
  },
  {
    "id": "8,549",
    "ciudad": "Piojó",
    "departamento_id": 8
  },
  {
    "id": "8,558",
    "ciudad": "Polonuevo",
    "departamento_id": 8
  },
  {
    "id": "8,634",
    "ciudad": "Sabanagrande",
    "departamento_id": 8
  },
  {
    "id": "8,638",
    "ciudad": "Sabanalarga",
    "departamento_id": 8
  },
  {
    "id": "8,675",
    "ciudad": "Santa Lucía",
    "departamento_id": 8
  },
  {
    "id": "8,685",
    "ciudad": "Santo Tomás",
    "departamento_id": 8
  },
  {
    "id": "8,758",
    "ciudad": "Soledad",
    "departamento_id": 8
  },
  {
    "id": "8,77",
    "ciudad": "Suan",
    "departamento_id": 8
  },
  {
    "id": "8,832",
    "ciudad": "Tubará",
    "departamento_id": 8
  },
  {
    "id": "8,849",
    "ciudad": "Usiacurí",
    "departamento_id": 8
  },
  {
    "id": "8,606",
    "ciudad": "Repelón",
    "departamento_id": 8
  },
  {
    "id": "8,573",
    "ciudad": "Puerto Colombia",
    "departamento_id": 8
  },
  {
    "id": "8,56",
    "ciudad": "Ponedera",
    "departamento_id": 8
  },
  {
    "id": "8,372",
    "ciudad": "Juan de Acosta",
    "departamento_id": 8
  },
  {
    "id": "8,52",
    "ciudad": "Palmar de Varela",
    "departamento_id": 8
  },
  {
    "id": "8,137",
    "ciudad": "Campo de La Cruz",
    "departamento_id": 8
  },
  {
    "id": "11,001",
    "ciudad": "Bogotá D.C.",
    "departamento_id": 11
  },
  {
    "id": "13,268",
    "ciudad": "El Peñón",
    "departamento_id": 13
  },
  {
    "id": "13,006",
    "ciudad": "Achí",
    "departamento_id": 13
  },
  {
    "id": "13,042",
    "ciudad": "Arenal",
    "departamento_id": 13
  },
  {
    "id": "13,052",
    "ciudad": "Arjona",
    "departamento_id": 13
  },
  {
    "id": "13,062",
    "ciudad": "Arroyohondo",
    "departamento_id": 13
  },
  {
    "id": "13,14",
    "ciudad": "Calamar",
    "departamento_id": 13
  },
  {
    "id": "13,16",
    "ciudad": "Cantagallo",
    "departamento_id": 13
  },
  {
    "id": "13,188",
    "ciudad": "Cicuco",
    "departamento_id": 13
  },
  {
    "id": "13,212",
    "ciudad": "Córdoba",
    "departamento_id": 13
  },
  {
    "id": "13,222",
    "ciudad": "Clemencia",
    "departamento_id": 13
  },
  {
    "id": "13,248",
    "ciudad": "El Guamo",
    "departamento_id": 13
  },
  {
    "id": "13,43",
    "ciudad": "Magangué",
    "departamento_id": 13
  },
  {
    "id": "13,433",
    "ciudad": "Mahates",
    "departamento_id": 13
  },
  {
    "id": "13,44",
    "ciudad": "Margarita",
    "departamento_id": 13
  },
  {
    "id": "13,458",
    "ciudad": "Montecristo",
    "departamento_id": 13
  },
  {
    "id": "13,468",
    "ciudad": "Mompós",
    "departamento_id": 13
  },
  {
    "id": "13,473",
    "ciudad": "Morales",
    "departamento_id": 13
  },
  {
    "id": "13,49",
    "ciudad": "Norosí",
    "departamento_id": 13
  },
  {
    "id": "13,549",
    "ciudad": "Pinillos",
    "departamento_id": 13
  },
  {
    "id": "13,58",
    "ciudad": "Regidor",
    "departamento_id": 13
  },
  {
    "id": "13,6",
    "ciudad": "Río Viejo",
    "departamento_id": 13
  },
  {
    "id": "13,647",
    "ciudad": "San Estanislao",
    "departamento_id": 13
  },
  {
    "id": "13,65",
    "ciudad": "San Fernando",
    "departamento_id": 13
  },
  {
    "id": "13,657",
    "ciudad": "San Juan Nepomuceno",
    "departamento_id": 13
  },
  {
    "id": "13,673",
    "ciudad": "Santa Catalina",
    "departamento_id": 13
  },
  {
    "id": "13,683",
    "ciudad": "Santa Rosa",
    "departamento_id": 13
  },
  {
    "id": "13,744",
    "ciudad": "Simití",
    "departamento_id": 13
  },
  {
    "id": "13,76",
    "ciudad": "Soplaviento",
    "departamento_id": 13
  },
  {
    "id": "13,78",
    "ciudad": "Talaigua Nuevo",
    "departamento_id": 13
  },
  {
    "id": "13,81",
    "ciudad": "Tiquisio",
    "departamento_id": 13
  },
  {
    "id": "13,836",
    "ciudad": "Turbaco",
    "departamento_id": 13
  },
  {
    "id": "13,838",
    "ciudad": "Turbaná",
    "departamento_id": 13
  },
  {
    "id": "13,873",
    "ciudad": "Villanueva",
    "departamento_id": 13
  },
  {
    "id": "13,001",
    "ciudad": "Cartagena",
    "departamento_id": 13
  },
  {
    "id": "13,442",
    "ciudad": "María la Baja",
    "departamento_id": 13
  },
  {
    "id": "13,62",
    "ciudad": "San Cristóbal",
    "departamento_id": 13
  },
  {
    "id": "13,894",
    "ciudad": "Zambrano",
    "departamento_id": 13
  },
  {
    "id": "13,074",
    "ciudad": "Barranco de Loba",
    "departamento_id": 13
  },
  {
    "id": "13,688",
    "ciudad": "Santa Rosa del Sur",
    "departamento_id": 13
  },
  {
    "id": "13,3",
    "ciudad": "Hatillo de Loba",
    "departamento_id": 13
  },
  {
    "id": "13,244",
    "ciudad": "El Carmen de Bolívar",
    "departamento_id": 13
  },
  {
    "id": "13,667",
    "ciudad": "San Martín de Loba",
    "departamento_id": 13
  },
  {
    "id": "13,03",
    "ciudad": "Altos del Rosario",
    "departamento_id": 13
  },
  {
    "id": "13,655",
    "ciudad": "San Jacinto del Cauca",
    "departamento_id": 13
  },
  {
    "id": "13,67",
    "ciudad": "San Pablo de Borbur",
    "departamento_id": 13
  },
  {
    "id": "13,654",
    "ciudad": "San Jacinto",
    "departamento_id": 13
  },
  {
    "id": "15,806",
    "ciudad": "Tibasosa",
    "departamento_id": 15
  },
  {
    "id": "15,001",
    "ciudad": "Tunja",
    "departamento_id": 15
  },
  {
    "id": "15,022",
    "ciudad": "Almeida",
    "departamento_id": 15
  },
  {
    "id": "15,047",
    "ciudad": "Aquitania",
    "departamento_id": 15
  },
  {
    "id": "15,051",
    "ciudad": "Arcabuco",
    "departamento_id": 15
  },
  {
    "id": "15,09",
    "ciudad": "Berbeo",
    "departamento_id": 15
  },
  {
    "id": "15,092",
    "ciudad": "Betéitiva",
    "departamento_id": 15
  },
  {
    "id": "15,097",
    "ciudad": "Boavita",
    "departamento_id": 15
  },
  {
    "id": "15,104",
    "ciudad": "Boyacá",
    "departamento_id": 15
  },
  {
    "id": "15,106",
    "ciudad": "Briceño",
    "departamento_id": 15
  },
  {
    "id": "15,109",
    "ciudad": "Buena Vista",
    "departamento_id": 15
  },
  {
    "id": "15,114",
    "ciudad": "Busbanzá",
    "departamento_id": 15
  },
  {
    "id": "15,131",
    "ciudad": "Caldas",
    "departamento_id": 15
  },
  {
    "id": "15,135",
    "ciudad": "Campohermoso",
    "departamento_id": 15
  },
  {
    "id": "15,162",
    "ciudad": "Cerinza",
    "departamento_id": 15
  },
  {
    "id": "15,172",
    "ciudad": "Chinavita",
    "departamento_id": 15
  },
  {
    "id": "15,176",
    "ciudad": "Chiquinquirá",
    "departamento_id": 15
  },
  {
    "id": "15,18",
    "ciudad": "Chiscas",
    "departamento_id": 15
  },
  {
    "id": "15,183",
    "ciudad": "Chita",
    "departamento_id": 15
  },
  {
    "id": "15,185",
    "ciudad": "Chitaraque",
    "departamento_id": 15
  },
  {
    "id": "15,187",
    "ciudad": "Chivatá",
    "departamento_id": 15
  },
  {
    "id": "15,204",
    "ciudad": "Cómbita",
    "departamento_id": 15
  },
  {
    "id": "15,212",
    "ciudad": "Coper",
    "departamento_id": 15
  },
  {
    "id": "15,215",
    "ciudad": "Corrales",
    "departamento_id": 15
  },
  {
    "id": "15,218",
    "ciudad": "Covarachía",
    "departamento_id": 15
  },
  {
    "id": "15,223",
    "ciudad": "Cubará",
    "departamento_id": 15
  },
  {
    "id": "15,224",
    "ciudad": "Cucaita",
    "departamento_id": 15
  },
  {
    "id": "15,226",
    "ciudad": "Cuítiva",
    "departamento_id": 15
  },
  {
    "id": "15,232",
    "ciudad": "Chíquiza",
    "departamento_id": 15
  },
  {
    "id": "15,236",
    "ciudad": "Chivor",
    "departamento_id": 15
  },
  {
    "id": "15,238",
    "ciudad": "Duitama",
    "departamento_id": 15
  },
  {
    "id": "15,244",
    "ciudad": "El Cocuy",
    "departamento_id": 15
  },
  {
    "id": "15,248",
    "ciudad": "El Espino",
    "departamento_id": 15
  },
  {
    "id": "15,272",
    "ciudad": "Firavitoba",
    "departamento_id": 15
  },
  {
    "id": "15,276",
    "ciudad": "Floresta",
    "departamento_id": 15
  },
  {
    "id": "15,293",
    "ciudad": "Gachantivá",
    "departamento_id": 15
  },
  {
    "id": "15,296",
    "ciudad": "Gameza",
    "departamento_id": 15
  },
  {
    "id": "15,299",
    "ciudad": "Garagoa",
    "departamento_id": 15
  },
  {
    "id": "15,317",
    "ciudad": "Guacamayas",
    "departamento_id": 15
  },
  {
    "id": "15,322",
    "ciudad": "Guateque",
    "departamento_id": 15
  },
  {
    "id": "15,325",
    "ciudad": "Guayatá",
    "departamento_id": 15
  },
  {
    "id": "15,332",
    "ciudad": "Güicán",
    "departamento_id": 15
  },
  {
    "id": "15,362",
    "ciudad": "Iza",
    "departamento_id": 15
  },
  {
    "id": "15,367",
    "ciudad": "Jenesano",
    "departamento_id": 15
  },
  {
    "id": "15,368",
    "ciudad": "Jericó",
    "departamento_id": 15
  },
  {
    "id": "15,377",
    "ciudad": "Labranzagrande",
    "departamento_id": 15
  },
  {
    "id": "15,38",
    "ciudad": "La Capilla",
    "departamento_id": 15
  },
  {
    "id": "15,401",
    "ciudad": "La Victoria",
    "departamento_id": 15
  },
  {
    "id": "15,425",
    "ciudad": "Macanal",
    "departamento_id": 15
  },
  {
    "id": "15,442",
    "ciudad": "Maripí",
    "departamento_id": 15
  },
  {
    "id": "15,455",
    "ciudad": "Miraflores",
    "departamento_id": 15
  },
  {
    "id": "15,464",
    "ciudad": "Mongua",
    "departamento_id": 15
  },
  {
    "id": "15,466",
    "ciudad": "Monguí",
    "departamento_id": 15
  },
  {
    "id": "15,469",
    "ciudad": "Moniquirá",
    "departamento_id": 15
  },
  {
    "id": "15,48",
    "ciudad": "Muzo",
    "departamento_id": 15
  },
  {
    "id": "15,491",
    "ciudad": "Nobsa",
    "departamento_id": 15
  },
  {
    "id": "15,494",
    "ciudad": "Nuevo Colón",
    "departamento_id": 15
  },
  {
    "id": "15,5",
    "ciudad": "Oicatá",
    "departamento_id": 15
  },
  {
    "id": "15,507",
    "ciudad": "Otanche",
    "departamento_id": 15
  },
  {
    "id": "15,511",
    "ciudad": "Pachavita",
    "departamento_id": 15
  },
  {
    "id": "15,514",
    "ciudad": "Páez",
    "departamento_id": 15
  },
  {
    "id": "15,516",
    "ciudad": "Paipa",
    "departamento_id": 15
  },
  {
    "id": "15,518",
    "ciudad": "Pajarito",
    "departamento_id": 15
  },
  {
    "id": "15,522",
    "ciudad": "Panqueba",
    "departamento_id": 15
  },
  {
    "id": "15,531",
    "ciudad": "Pauna",
    "departamento_id": 15
  },
  {
    "id": "15,533",
    "ciudad": "Paya",
    "departamento_id": 15
  },
  {
    "id": "15,542",
    "ciudad": "Pesca",
    "departamento_id": 15
  },
  {
    "id": "15,55",
    "ciudad": "Pisba",
    "departamento_id": 15
  },
  {
    "id": "15,572",
    "ciudad": "Puerto Boyacá",
    "departamento_id": 15
  },
  {
    "id": "15,58",
    "ciudad": "Quípama",
    "departamento_id": 15
  },
  {
    "id": "15,599",
    "ciudad": "Ramiriquí",
    "departamento_id": 15
  },
  {
    "id": "15,6",
    "ciudad": "Ráquira",
    "departamento_id": 15
  },
  {
    "id": "15,621",
    "ciudad": "Rondón",
    "departamento_id": 15
  },
  {
    "id": "15,632",
    "ciudad": "Saboyá",
    "departamento_id": 15
  },
  {
    "id": "15,638",
    "ciudad": "Sáchica",
    "departamento_id": 15
  },
  {
    "id": "15,646",
    "ciudad": "Samacá",
    "departamento_id": 15
  },
  {
    "id": "15,66",
    "ciudad": "San Eduardo",
    "departamento_id": 15
  },
  {
    "id": "15,673",
    "ciudad": "San Mateo",
    "departamento_id": 15
  },
  {
    "id": "15,686",
    "ciudad": "Santana",
    "departamento_id": 15
  },
  {
    "id": "15,69",
    "ciudad": "Santa María",
    "departamento_id": 15
  },
  {
    "id": "15,696",
    "ciudad": "Santa Sofía",
    "departamento_id": 15
  },
  {
    "id": "15,72",
    "ciudad": "Sativanorte",
    "departamento_id": 15
  },
  {
    "id": "15,723",
    "ciudad": "Sativasur",
    "departamento_id": 15
  },
  {
    "id": "15,74",
    "ciudad": "Siachoque",
    "departamento_id": 15
  },
  {
    "id": "15,753",
    "ciudad": "Soatá",
    "departamento_id": 15
  },
  {
    "id": "15,755",
    "ciudad": "Socotá",
    "departamento_id": 15
  },
  {
    "id": "15,757",
    "ciudad": "Socha",
    "departamento_id": 15
  },
  {
    "id": "15,759",
    "ciudad": "Sogamoso",
    "departamento_id": 15
  },
  {
    "id": "15,761",
    "ciudad": "Somondoco",
    "departamento_id": 15
  },
  {
    "id": "15,762",
    "ciudad": "Sora",
    "departamento_id": 15
  },
  {
    "id": "15,763",
    "ciudad": "Sotaquirá",
    "departamento_id": 15
  },
  {
    "id": "15,764",
    "ciudad": "Soracá",
    "departamento_id": 15
  },
  {
    "id": "15,774",
    "ciudad": "Susacón",
    "departamento_id": 15
  },
  {
    "id": "15,776",
    "ciudad": "Sutamarchán",
    "departamento_id": 15
  },
  {
    "id": "15,778",
    "ciudad": "Sutatenza",
    "departamento_id": 15
  },
  {
    "id": "15,79",
    "ciudad": "Tasco",
    "departamento_id": 15
  },
  {
    "id": "15,798",
    "ciudad": "Tenza",
    "departamento_id": 15
  },
  {
    "id": "15,804",
    "ciudad": "Tibaná",
    "departamento_id": 15
  },
  {
    "id": "15,808",
    "ciudad": "Tinjacá",
    "departamento_id": 15
  },
  {
    "id": "15,81",
    "ciudad": "Tipacoque",
    "departamento_id": 15
  },
  {
    "id": "15,814",
    "ciudad": "Toca",
    "departamento_id": 15
  },
  {
    "id": "15,82",
    "ciudad": "Tópaga",
    "departamento_id": 15
  },
  {
    "id": "15,822",
    "ciudad": "Tota",
    "departamento_id": 15
  },
  {
    "id": "15,835",
    "ciudad": "Turmequé",
    "departamento_id": 15
  },
  {
    "id": "15,839",
    "ciudad": "Tutazá",
    "departamento_id": 15
  },
  {
    "id": "15,842",
    "ciudad": "Umbita",
    "departamento_id": 15
  },
  {
    "id": "15,861",
    "ciudad": "Ventaquemada",
    "departamento_id": 15
  },
  {
    "id": "15,879",
    "ciudad": "Viracachá",
    "departamento_id": 15
  },
  {
    "id": "15,897",
    "ciudad": "Zetaquira",
    "departamento_id": 15
  },
  {
    "id": "15,403",
    "ciudad": "La Uvita",
    "departamento_id": 15
  },
  {
    "id": "15,087",
    "ciudad": "Belén",
    "departamento_id": 15
  },
  {
    "id": "15,832",
    "ciudad": "Tununguá",
    "departamento_id": 15
  },
  {
    "id": "15,476",
    "ciudad": "Motavita",
    "departamento_id": 15
  },
  {
    "id": "15,189",
    "ciudad": "Ciénega",
    "departamento_id": 15
  },
  {
    "id": "15,816",
    "ciudad": "Togüí",
    "departamento_id": 15
  },
  {
    "id": "15,407",
    "ciudad": "Villa de Leyva",
    "departamento_id": 15
  },
  {
    "id": "15,537",
    "ciudad": "Paz de Río",
    "departamento_id": 15
  },
  {
    "id": "15,693",
    "ciudad": "Santa Rosa de Viterbo",
    "departamento_id": 15
  },
  {
    "id": "15,681",
    "ciudad": "San Pablo de Borbur",
    "departamento_id": 15
  },
  {
    "id": "15,667",
    "ciudad": "San Luis de Gaceno",
    "departamento_id": 15
  },
  {
    "id": "15,664",
    "ciudad": "San José de Pare",
    "departamento_id": 15
  },
  {
    "id": "15,676",
    "ciudad": "San Miguel de Sema",
    "departamento_id": 15
  },
  {
    "id": "15,837",
    "ciudad": "Tuta",
    "departamento_id": 15
  },
  {
    "id": "17,001",
    "ciudad": "Manizales",
    "departamento_id": 17
  },
  {
    "id": "17,013",
    "ciudad": "Aguadas",
    "departamento_id": 17
  },
  {
    "id": "17,042",
    "ciudad": "Anserma",
    "departamento_id": 17
  },
  {
    "id": "17,05",
    "ciudad": "Aranzazu",
    "departamento_id": 17
  },
  {
    "id": "17,088",
    "ciudad": "Belalcázar",
    "departamento_id": 17
  },
  {
    "id": "17,174",
    "ciudad": "Chinchiná",
    "departamento_id": 17
  },
  {
    "id": "17,272",
    "ciudad": "Filadelfia",
    "departamento_id": 17
  },
  {
    "id": "17,38",
    "ciudad": "La Dorada",
    "departamento_id": 17
  },
  {
    "id": "17,388",
    "ciudad": "La Merced",
    "departamento_id": 17
  },
  {
    "id": "17,433",
    "ciudad": "Manzanares",
    "departamento_id": 17
  },
  {
    "id": "17,442",
    "ciudad": "Marmato",
    "departamento_id": 17
  },
  {
    "id": "17,446",
    "ciudad": "Marulanda",
    "departamento_id": 17
  },
  {
    "id": "17,486",
    "ciudad": "Neira",
    "departamento_id": 17
  },
  {
    "id": "17,495",
    "ciudad": "Norcasia",
    "departamento_id": 17
  },
  {
    "id": "17,513",
    "ciudad": "Pácora",
    "departamento_id": 17
  },
  {
    "id": "17,524",
    "ciudad": "Palestina",
    "departamento_id": 17
  },
  {
    "id": "17,541",
    "ciudad": "Pensilvania",
    "departamento_id": 17
  },
  {
    "id": "17,614",
    "ciudad": "Riosucio",
    "departamento_id": 17
  },
  {
    "id": "17,616",
    "ciudad": "Risaralda",
    "departamento_id": 17
  },
  {
    "id": "17,653",
    "ciudad": "Salamina",
    "departamento_id": 17
  },
  {
    "id": "17,662",
    "ciudad": "Samaná",
    "departamento_id": 17
  },
  {
    "id": "17,665",
    "ciudad": "San José",
    "departamento_id": 17
  },
  {
    "id": "17,777",
    "ciudad": "Supía",
    "departamento_id": 17
  },
  {
    "id": "17,867",
    "ciudad": "Victoria",
    "departamento_id": 17
  },
  {
    "id": "17,873",
    "ciudad": "Villamaría",
    "departamento_id": 17
  },
  {
    "id": "17,877",
    "ciudad": "Viterbo",
    "departamento_id": 17
  },
  {
    "id": "17,444",
    "ciudad": "Marquetalia",
    "departamento_id": 17
  },
  {
    "id": "18,46",
    "ciudad": "Milán",
    "departamento_id": 18
  },
  {
    "id": "18,001",
    "ciudad": "Florencia",
    "departamento_id": 18
  },
  {
    "id": "18,029",
    "ciudad": "Albania",
    "departamento_id": 18
  },
  {
    "id": "18,205",
    "ciudad": "Curillo",
    "departamento_id": 18
  },
  {
    "id": "18,247",
    "ciudad": "El Doncello",
    "departamento_id": 18
  },
  {
    "id": "18,256",
    "ciudad": "El Paujil",
    "departamento_id": 18
  },
  {
    "id": "18,479",
    "ciudad": "Morelia",
    "departamento_id": 18
  },
  {
    "id": "18,592",
    "ciudad": "Puerto Rico",
    "departamento_id": 18
  },
  {
    "id": "18,41",
    "ciudad": "La Montañita",
    "departamento_id": 18
  },
  {
    "id": "18,753",
    "ciudad": "San Vicente del Caguán",
    "departamento_id": 18
  },
  {
    "id": "18,756",
    "ciudad": "Solano",
    "departamento_id": 18
  },
  {
    "id": "18,785",
    "ciudad": "Solita",
    "departamento_id": 18
  },
  {
    "id": "18,86",
    "ciudad": "Valparaíso",
    "departamento_id": 18
  },
  {
    "id": "18,61",
    "ciudad": "San José del Fragua",
    "departamento_id": 18
  },
  {
    "id": "18,094",
    "ciudad": "Belén de Los Andaquies",
    "departamento_id": 18
  },
  {
    "id": "18,15",
    "ciudad": "Cartagena del Chairá",
    "departamento_id": 18
  },
  {
    "id": "19,517",
    "ciudad": "Páez",
    "departamento_id": 19
  },
  {
    "id": "19,001",
    "ciudad": "Popayán",
    "departamento_id": 19
  },
  {
    "id": "19,022",
    "ciudad": "Almaguer",
    "departamento_id": 19
  },
  {
    "id": "19,05",
    "ciudad": "Argelia",
    "departamento_id": 19
  },
  {
    "id": "19,075",
    "ciudad": "Balboa",
    "departamento_id": 19
  },
  {
    "id": "19,1",
    "ciudad": "Bolívar",
    "departamento_id": 19
  },
  {
    "id": "19,11",
    "ciudad": "Buenos Aires",
    "departamento_id": 19
  },
  {
    "id": "19,13",
    "ciudad": "Cajibío",
    "departamento_id": 19
  },
  {
    "id": "19,137",
    "ciudad": "Caldono",
    "departamento_id": 19
  },
  {
    "id": "19,142",
    "ciudad": "Caloto",
    "departamento_id": 19
  },
  {
    "id": "19,212",
    "ciudad": "Corinto",
    "departamento_id": 19
  },
  {
    "id": "19,256",
    "ciudad": "El Tambo",
    "departamento_id": 19
  },
  {
    "id": "19,29",
    "ciudad": "Florencia",
    "departamento_id": 19
  },
  {
    "id": "19,3",
    "ciudad": "Guachené",
    "departamento_id": 19
  },
  {
    "id": "19,318",
    "ciudad": "Guapi",
    "departamento_id": 19
  },
  {
    "id": "19,355",
    "ciudad": "Inzá",
    "departamento_id": 19
  },
  {
    "id": "19,364",
    "ciudad": "Jambaló",
    "departamento_id": 19
  },
  {
    "id": "19,392",
    "ciudad": "La Sierra",
    "departamento_id": 19
  },
  {
    "id": "19,397",
    "ciudad": "La Vega",
    "departamento_id": 19
  },
  {
    "id": "19,418",
    "ciudad": "López",
    "departamento_id": 19
  },
  {
    "id": "19,45",
    "ciudad": "Mercaderes",
    "departamento_id": 19
  },
  {
    "id": "19,455",
    "ciudad": "Miranda",
    "departamento_id": 19
  },
  {
    "id": "19,473",
    "ciudad": "Morales",
    "departamento_id": 19
  },
  {
    "id": "19,513",
    "ciudad": "Padilla",
    "departamento_id": 19
  },
  {
    "id": "19,532",
    "ciudad": "Patía",
    "departamento_id": 19
  },
  {
    "id": "19,533",
    "ciudad": "Piamonte",
    "departamento_id": 19
  },
  {
    "id": "19,548",
    "ciudad": "Piendamó",
    "departamento_id": 19
  },
  {
    "id": "19,573",
    "ciudad": "Puerto Tejada",
    "departamento_id": 19
  },
  {
    "id": "19,585",
    "ciudad": "Puracé",
    "departamento_id": 19
  },
  {
    "id": "19,622",
    "ciudad": "Rosas",
    "departamento_id": 19
  },
  {
    "id": "19,701",
    "ciudad": "Santa Rosa",
    "departamento_id": 19
  },
  {
    "id": "19,743",
    "ciudad": "Silvia",
    "departamento_id": 19
  },
  {
    "id": "19,76",
    "ciudad": "Sotara",
    "departamento_id": 19
  },
  {
    "id": "19,78",
    "ciudad": "Suárez",
    "departamento_id": 19
  },
  {
    "id": "19,785",
    "ciudad": "Sucre",
    "departamento_id": 19
  },
  {
    "id": "19,807",
    "ciudad": "Timbío",
    "departamento_id": 19
  },
  {
    "id": "19,809",
    "ciudad": "Timbiquí",
    "departamento_id": 19
  },
  {
    "id": "19,821",
    "ciudad": "Toribio",
    "departamento_id": 19
  },
  {
    "id": "19,824",
    "ciudad": "Totoró",
    "departamento_id": 19
  },
  {
    "id": "19,845",
    "ciudad": "Villa Rica",
    "departamento_id": 19
  },
  {
    "id": "19,698",
    "ciudad": "Santander de Quilichao",
    "departamento_id": 19
  },
  {
    "id": "19,693",
    "ciudad": "San Sebastián",
    "departamento_id": 19
  },
  {
    "id": "20,001",
    "ciudad": "Valledupar",
    "departamento_id": 20
  },
  {
    "id": "20,011",
    "ciudad": "Aguachica",
    "departamento_id": 20
  },
  {
    "id": "20,013",
    "ciudad": "Agustín Codazzi",
    "departamento_id": 20
  },
  {
    "id": "20,032",
    "ciudad": "Astrea",
    "departamento_id": 20
  },
  {
    "id": "20,045",
    "ciudad": "Becerril",
    "departamento_id": 20
  },
  {
    "id": "20,06",
    "ciudad": "Bosconia",
    "departamento_id": 20
  },
  {
    "id": "20,175",
    "ciudad": "Chimichagua",
    "departamento_id": 20
  },
  {
    "id": "20,178",
    "ciudad": "Chiriguaná",
    "departamento_id": 20
  },
  {
    "id": "20,228",
    "ciudad": "Curumaní",
    "departamento_id": 20
  },
  {
    "id": "20,238",
    "ciudad": "El Copey",
    "departamento_id": 20
  },
  {
    "id": "20,25",
    "ciudad": "El Paso",
    "departamento_id": 20
  },
  {
    "id": "20,295",
    "ciudad": "Gamarra",
    "departamento_id": 20
  },
  {
    "id": "20,31",
    "ciudad": "González",
    "departamento_id": 20
  },
  {
    "id": "20,383",
    "ciudad": "La Gloria",
    "departamento_id": 20
  },
  {
    "id": "20,443",
    "ciudad": "Manaure",
    "departamento_id": 20
  },
  {
    "id": "20,517",
    "ciudad": "Pailitas",
    "departamento_id": 20
  },
  {
    "id": "20,55",
    "ciudad": "Pelaya",
    "departamento_id": 20
  },
  {
    "id": "20,57",
    "ciudad": "Pueblo Bello",
    "departamento_id": 20
  },
  {
    "id": "20,621",
    "ciudad": "La Paz",
    "departamento_id": 20
  },
  {
    "id": "20,71",
    "ciudad": "San Alberto",
    "departamento_id": 20
  },
  {
    "id": "20,75",
    "ciudad": "San Diego",
    "departamento_id": 20
  },
  {
    "id": "20,77",
    "ciudad": "San Martín",
    "departamento_id": 20
  },
  {
    "id": "20,787",
    "ciudad": "Tamalameque",
    "departamento_id": 20
  },
  {
    "id": "20,614",
    "ciudad": "Río de Oro",
    "departamento_id": 20
  },
  {
    "id": "20,4",
    "ciudad": "La Jagua de Ibirico",
    "departamento_id": 20
  },
  {
    "id": "23,466",
    "ciudad": "Montelíbano",
    "departamento_id": 23
  },
  {
    "id": "23,001",
    "ciudad": "Montería",
    "departamento_id": 23
  },
  {
    "id": "23,068",
    "ciudad": "Ayapel",
    "departamento_id": 23
  },
  {
    "id": "23,079",
    "ciudad": "Buenavista",
    "departamento_id": 23
  },
  {
    "id": "23,09",
    "ciudad": "Canalete",
    "departamento_id": 23
  },
  {
    "id": "23,162",
    "ciudad": "Cereté",
    "departamento_id": 23
  },
  {
    "id": "23,168",
    "ciudad": "Chimá",
    "departamento_id": 23
  },
  {
    "id": "23,182",
    "ciudad": "Chinú",
    "departamento_id": 23
  },
  {
    "id": "23,3",
    "ciudad": "Cotorra",
    "departamento_id": 23
  },
  {
    "id": "23,417",
    "ciudad": "Lorica",
    "departamento_id": 23
  },
  {
    "id": "23,419",
    "ciudad": "Los Córdobas",
    "departamento_id": 23
  },
  {
    "id": "23,464",
    "ciudad": "Momil",
    "departamento_id": 23
  },
  {
    "id": "23,5",
    "ciudad": "Moñitos",
    "departamento_id": 23
  },
  {
    "id": "23,555",
    "ciudad": "Planeta Rica",
    "departamento_id": 23
  },
  {
    "id": "23,57",
    "ciudad": "Pueblo Nuevo",
    "departamento_id": 23
  },
  {
    "id": "23,574",
    "ciudad": "Puerto Escondido",
    "departamento_id": 23
  },
  {
    "id": "23,586",
    "ciudad": "Purísima",
    "departamento_id": 23
  },
  {
    "id": "23,66",
    "ciudad": "Sahagún",
    "departamento_id": 23
  },
  {
    "id": "23,67",
    "ciudad": "San Andrés Sotavento",
    "departamento_id": 23
  },
  {
    "id": "23,672",
    "ciudad": "San Antero",
    "departamento_id": 23
  },
  {
    "id": "23,686",
    "ciudad": "San Pelayo",
    "departamento_id": 23
  },
  {
    "id": "23,807",
    "ciudad": "Tierralta",
    "departamento_id": 23
  },
  {
    "id": "23,815",
    "ciudad": "Tuchín",
    "departamento_id": 23
  },
  {
    "id": "23,855",
    "ciudad": "Valencia",
    "departamento_id": 23
  },
  {
    "id": "23,35",
    "ciudad": "La Apartada",
    "departamento_id": 23
  },
  {
    "id": "23,58",
    "ciudad": "Puerto Libertador",
    "departamento_id": 23
  },
  {
    "id": "23,675",
    "ciudad": "San Bernardo del Viento",
    "departamento_id": 23
  },
  {
    "id": "23,682",
    "ciudad": "San José de Uré",
    "departamento_id": 23
  },
  {
    "id": "23,189",
    "ciudad": "Ciénaga de Oro",
    "departamento_id": 23
  },
  {
    "id": "23,678",
    "ciudad": "San Carlos",
    "departamento_id": 23
  },
  {
    "id": "25,019",
    "ciudad": "Albán",
    "departamento_id": 25
  },
  {
    "id": "25,04",
    "ciudad": "Anolaima",
    "departamento_id": 25
  },
  {
    "id": "25,175",
    "ciudad": "Chía",
    "departamento_id": 25
  },
  {
    "id": "25,258",
    "ciudad": "El Peñón",
    "departamento_id": 25
  },
  {
    "id": "25,758",
    "ciudad": "Sopó",
    "departamento_id": 25
  },
  {
    "id": "25,299",
    "ciudad": "Gama",
    "departamento_id": 25
  },
  {
    "id": "25,718",
    "ciudad": "Sasaima",
    "departamento_id": 25
  },
  {
    "id": "25,885",
    "ciudad": "Yacopí",
    "departamento_id": 25
  },
  {
    "id": "25,035",
    "ciudad": "Anapoima",
    "departamento_id": 25
  },
  {
    "id": "25,053",
    "ciudad": "Arbeláez",
    "departamento_id": 25
  },
  {
    "id": "25,086",
    "ciudad": "Beltrán",
    "departamento_id": 25
  },
  {
    "id": "25,095",
    "ciudad": "Bituima",
    "departamento_id": 25
  },
  {
    "id": "25,099",
    "ciudad": "Bojacá",
    "departamento_id": 25
  },
  {
    "id": "25,12",
    "ciudad": "Cabrera",
    "departamento_id": 25
  },
  {
    "id": "25,123",
    "ciudad": "Cachipay",
    "departamento_id": 25
  },
  {
    "id": "25,126",
    "ciudad": "Cajicá",
    "departamento_id": 25
  },
  {
    "id": "25,148",
    "ciudad": "Caparrapí",
    "departamento_id": 25
  },
  {
    "id": "25,151",
    "ciudad": "Caqueza",
    "departamento_id": 25
  },
  {
    "id": "25,168",
    "ciudad": "Chaguaní",
    "departamento_id": 25
  },
  {
    "id": "25,178",
    "ciudad": "Chipaque",
    "departamento_id": 25
  },
  {
    "id": "25,181",
    "ciudad": "Choachí",
    "departamento_id": 25
  },
  {
    "id": "25,183",
    "ciudad": "Chocontá",
    "departamento_id": 25
  },
  {
    "id": "25,2",
    "ciudad": "Cogua",
    "departamento_id": 25
  },
  {
    "id": "25,214",
    "ciudad": "Cota",
    "departamento_id": 25
  },
  {
    "id": "25,224",
    "ciudad": "Cucunubá",
    "departamento_id": 25
  },
  {
    "id": "25,245",
    "ciudad": "El Colegio",
    "departamento_id": 25
  },
  {
    "id": "25,26",
    "ciudad": "El Rosal",
    "departamento_id": 25
  },
  {
    "id": "25,279",
    "ciudad": "Fomeque",
    "departamento_id": 25
  },
  {
    "id": "25,281",
    "ciudad": "Fosca",
    "departamento_id": 25
  },
  {
    "id": "25,286",
    "ciudad": "Funza",
    "departamento_id": 25
  },
  {
    "id": "25,288",
    "ciudad": "Fúquene",
    "departamento_id": 25
  },
  {
    "id": "25,293",
    "ciudad": "Gachala",
    "departamento_id": 25
  },
  {
    "id": "25,295",
    "ciudad": "Gachancipá",
    "departamento_id": 25
  },
  {
    "id": "25,297",
    "ciudad": "Gachetá",
    "departamento_id": 25
  },
  {
    "id": "25,307",
    "ciudad": "Girardot",
    "departamento_id": 25
  },
  {
    "id": "25,312",
    "ciudad": "Granada",
    "departamento_id": 25
  },
  {
    "id": "25,317",
    "ciudad": "Guachetá",
    "departamento_id": 25
  },
  {
    "id": "25,32",
    "ciudad": "Guaduas",
    "departamento_id": 25
  },
  {
    "id": "25,322",
    "ciudad": "Guasca",
    "departamento_id": 25
  },
  {
    "id": "25,324",
    "ciudad": "Guataquí",
    "departamento_id": 25
  },
  {
    "id": "25,326",
    "ciudad": "Guatavita",
    "departamento_id": 25
  },
  {
    "id": "25,29",
    "ciudad": "Fusagasugá",
    "departamento_id": 25
  },
  {
    "id": "25,335",
    "ciudad": "Guayabetal",
    "departamento_id": 25
  },
  {
    "id": "25,339",
    "ciudad": "Gutiérrez",
    "departamento_id": 25
  },
  {
    "id": "25,368",
    "ciudad": "Jerusalén",
    "departamento_id": 25
  },
  {
    "id": "25,372",
    "ciudad": "Junín",
    "departamento_id": 25
  },
  {
    "id": "25,377",
    "ciudad": "La Calera",
    "departamento_id": 25
  },
  {
    "id": "25,386",
    "ciudad": "La Mesa",
    "departamento_id": 25
  },
  {
    "id": "25,394",
    "ciudad": "La Palma",
    "departamento_id": 25
  },
  {
    "id": "25,398",
    "ciudad": "La Peña",
    "departamento_id": 25
  },
  {
    "id": "25,402",
    "ciudad": "La Vega",
    "departamento_id": 25
  },
  {
    "id": "25,407",
    "ciudad": "Lenguazaque",
    "departamento_id": 25
  },
  {
    "id": "25,426",
    "ciudad": "Macheta",
    "departamento_id": 25
  },
  {
    "id": "25,43",
    "ciudad": "Madrid",
    "departamento_id": 25
  },
  {
    "id": "25,436",
    "ciudad": "Manta",
    "departamento_id": 25
  },
  {
    "id": "25,438",
    "ciudad": "Medina",
    "departamento_id": 25
  },
  {
    "id": "25,473",
    "ciudad": "Mosquera",
    "departamento_id": 25
  },
  {
    "id": "25,483",
    "ciudad": "Nariño",
    "departamento_id": 25
  },
  {
    "id": "25,486",
    "ciudad": "Nemocón",
    "departamento_id": 25
  },
  {
    "id": "25,488",
    "ciudad": "Nilo",
    "departamento_id": 25
  },
  {
    "id": "25,489",
    "ciudad": "Nimaima",
    "departamento_id": 25
  },
  {
    "id": "25,491",
    "ciudad": "Nocaima",
    "departamento_id": 25
  },
  {
    "id": "25,506",
    "ciudad": "Venecia",
    "departamento_id": 25
  },
  {
    "id": "25,513",
    "ciudad": "Pacho",
    "departamento_id": 25
  },
  {
    "id": "25,518",
    "ciudad": "Paime",
    "departamento_id": 25
  },
  {
    "id": "25,524",
    "ciudad": "Pandi",
    "departamento_id": 25
  },
  {
    "id": "25,53",
    "ciudad": "Paratebueno",
    "departamento_id": 25
  },
  {
    "id": "25,535",
    "ciudad": "Pasca",
    "departamento_id": 25
  },
  {
    "id": "25,572",
    "ciudad": "Puerto Salgar",
    "departamento_id": 25
  },
  {
    "id": "25,58",
    "ciudad": "Pulí",
    "departamento_id": 25
  },
  {
    "id": "25,592",
    "ciudad": "Quebradanegra",
    "departamento_id": 25
  },
  {
    "id": "25,594",
    "ciudad": "Quetame",
    "departamento_id": 25
  },
  {
    "id": "25,596",
    "ciudad": "Quipile",
    "departamento_id": 25
  },
  {
    "id": "25,599",
    "ciudad": "Apulo",
    "departamento_id": 25
  },
  {
    "id": "25,612",
    "ciudad": "Ricaurte",
    "departamento_id": 25
  },
  {
    "id": "25,649",
    "ciudad": "San Bernardo",
    "departamento_id": 25
  },
  {
    "id": "25,653",
    "ciudad": "San Cayetano",
    "departamento_id": 25
  },
  {
    "id": "25,658",
    "ciudad": "San Francisco",
    "departamento_id": 25
  },
  {
    "id": "25,899",
    "ciudad": "Zipaquirá",
    "departamento_id": 25
  },
  {
    "id": "25,736",
    "ciudad": "Sesquilé",
    "departamento_id": 25
  },
  {
    "id": "25,74",
    "ciudad": "Sibaté",
    "departamento_id": 25
  },
  {
    "id": "25,743",
    "ciudad": "Silvania",
    "departamento_id": 25
  },
  {
    "id": "25,745",
    "ciudad": "Simijaca",
    "departamento_id": 25
  },
  {
    "id": "25,754",
    "ciudad": "Soacha",
    "departamento_id": 25
  },
  {
    "id": "25,769",
    "ciudad": "Subachoque",
    "departamento_id": 25
  },
  {
    "id": "25,772",
    "ciudad": "Suesca",
    "departamento_id": 25
  },
  {
    "id": "25,777",
    "ciudad": "Supatá",
    "departamento_id": 25
  },
  {
    "id": "25,779",
    "ciudad": "Susa",
    "departamento_id": 25
  },
  {
    "id": "25,781",
    "ciudad": "Sutatausa",
    "departamento_id": 25
  },
  {
    "id": "25,785",
    "ciudad": "Tabio",
    "departamento_id": 25
  },
  {
    "id": "25,793",
    "ciudad": "Tausa",
    "departamento_id": 25
  },
  {
    "id": "25,797",
    "ciudad": "Tena",
    "departamento_id": 25
  },
  {
    "id": "25,799",
    "ciudad": "Tenjo",
    "departamento_id": 25
  },
  {
    "id": "25,805",
    "ciudad": "Tibacuy",
    "departamento_id": 25
  },
  {
    "id": "25,807",
    "ciudad": "Tibirita",
    "departamento_id": 25
  },
  {
    "id": "25,815",
    "ciudad": "Tocaima",
    "departamento_id": 25
  },
  {
    "id": "25,817",
    "ciudad": "Tocancipá",
    "departamento_id": 25
  },
  {
    "id": "25,823",
    "ciudad": "Topaipí",
    "departamento_id": 25
  },
  {
    "id": "25,839",
    "ciudad": "Ubalá",
    "departamento_id": 25
  },
  {
    "id": "25,841",
    "ciudad": "Ubaque",
    "departamento_id": 25
  },
  {
    "id": "25,845",
    "ciudad": "Une",
    "departamento_id": 25
  },
  {
    "id": "25,851",
    "ciudad": "Útica",
    "departamento_id": 25
  },
  {
    "id": "25,867",
    "ciudad": "Vianí",
    "departamento_id": 25
  },
  {
    "id": "25,871",
    "ciudad": "Villagómez",
    "departamento_id": 25
  },
  {
    "id": "25,873",
    "ciudad": "Villapinzón",
    "departamento_id": 25
  },
  {
    "id": "25,875",
    "ciudad": "Villeta",
    "departamento_id": 25
  },
  {
    "id": "25,878",
    "ciudad": "Viotá",
    "departamento_id": 25
  },
  {
    "id": "25,898",
    "ciudad": "Zipacón",
    "departamento_id": 25
  },
  {
    "id": "25,269",
    "ciudad": "Facatativá",
    "departamento_id": 25
  },
  {
    "id": "25,662",
    "ciudad": "San Juan de Río Seco",
    "departamento_id": 25
  },
  {
    "id": "25,843",
    "ciudad": "Villa de San Diego de Ubate",
    "departamento_id": 25
  },
  {
    "id": "25,328",
    "ciudad": "Guayabal de Siquima",
    "departamento_id": 25
  },
  {
    "id": "25,645",
    "ciudad": "San Antonio del Tequendama",
    "departamento_id": 25
  },
  {
    "id": "25,001",
    "ciudad": "Agua de Dios",
    "departamento_id": 25
  },
  {
    "id": "25,154",
    "ciudad": "Carmen de Carupa",
    "departamento_id": 25
  },
  {
    "id": "25,862",
    "ciudad": "Vergara",
    "departamento_id": 25
  },
  {
    "id": "27,15",
    "ciudad": "Carmen del Darien",
    "departamento_id": 27
  },
  {
    "id": "27,787",
    "ciudad": "Tadó",
    "departamento_id": 27
  },
  {
    "id": "27,001",
    "ciudad": "Quibdó",
    "departamento_id": 27
  },
  {
    "id": "27,006",
    "ciudad": "Acandí",
    "departamento_id": 27
  },
  {
    "id": "27,025",
    "ciudad": "Alto Baudo",
    "departamento_id": 27
  },
  {
    "id": "27,05",
    "ciudad": "Atrato",
    "departamento_id": 27
  },
  {
    "id": "27,073",
    "ciudad": "Bagadó",
    "departamento_id": 27
  },
  {
    "id": "27,075",
    "ciudad": "Bahía Solano",
    "departamento_id": 27
  },
  {
    "id": "27,077",
    "ciudad": "Bajo Baudó",
    "departamento_id": 27
  },
  {
    "id": "27,099",
    "ciudad": "Bojaya",
    "departamento_id": 27
  },
  {
    "id": "27,81",
    "ciudad": "Unión Panamericana",
    "departamento_id": 27
  },
  {
    "id": "27,16",
    "ciudad": "Cértegui",
    "departamento_id": 27
  },
  {
    "id": "27,205",
    "ciudad": "Condoto",
    "departamento_id": 27
  },
  {
    "id": "27,372",
    "ciudad": "Juradó",
    "departamento_id": 27
  },
  {
    "id": "27,413",
    "ciudad": "Lloró",
    "departamento_id": 27
  },
  {
    "id": "27,425",
    "ciudad": "Medio Atrato",
    "departamento_id": 27
  },
  {
    "id": "27,43",
    "ciudad": "Medio Baudó",
    "departamento_id": 27
  },
  {
    "id": "27,45",
    "ciudad": "Medio San Juan",
    "departamento_id": 27
  },
  {
    "id": "27,491",
    "ciudad": "Nóvita",
    "departamento_id": 27
  },
  {
    "id": "27,495",
    "ciudad": "Nuquí",
    "departamento_id": 27
  },
  {
    "id": "27,58",
    "ciudad": "Río Iro",
    "departamento_id": 27
  },
  {
    "id": "27,6",
    "ciudad": "Río Quito",
    "departamento_id": 27
  },
  {
    "id": "27,615",
    "ciudad": "Riosucio",
    "departamento_id": 27
  },
  {
    "id": "27,745",
    "ciudad": "Sipí",
    "departamento_id": 27
  },
  {
    "id": "27,8",
    "ciudad": "Unguía",
    "departamento_id": 27
  },
  {
    "id": "27,361",
    "ciudad": "Istmina",
    "departamento_id": 27
  },
  {
    "id": "27,25",
    "ciudad": "El Litoral del San Juan",
    "departamento_id": 27
  },
  {
    "id": "27,135",
    "ciudad": "El Cantón del San Pablo",
    "departamento_id": 27
  },
  {
    "id": "27,245",
    "ciudad": "El Carmen de Atrato",
    "departamento_id": 27
  },
  {
    "id": "27,66",
    "ciudad": "San José del Palmar",
    "departamento_id": 27
  },
  {
    "id": "27,086",
    "ciudad": "Belén de Bajira",
    "departamento_id": 27
  },
  {
    "id": "41,001",
    "ciudad": "Neiva",
    "departamento_id": 41
  },
  {
    "id": "41,006",
    "ciudad": "Acevedo",
    "departamento_id": 41
  },
  {
    "id": "41,013",
    "ciudad": "Agrado",
    "departamento_id": 41
  },
  {
    "id": "41,016",
    "ciudad": "Aipe",
    "departamento_id": 41
  },
  {
    "id": "41,02",
    "ciudad": "Algeciras",
    "departamento_id": 41
  },
  {
    "id": "41,026",
    "ciudad": "Altamira",
    "departamento_id": 41
  },
  {
    "id": "41,078",
    "ciudad": "Baraya",
    "departamento_id": 41
  },
  {
    "id": "41,132",
    "ciudad": "Campoalegre",
    "departamento_id": 41
  },
  {
    "id": "41,206",
    "ciudad": "Colombia",
    "departamento_id": 41
  },
  {
    "id": "41,244",
    "ciudad": "Elías",
    "departamento_id": 41
  },
  {
    "id": "41,298",
    "ciudad": "Garzón",
    "departamento_id": 41
  },
  {
    "id": "41,306",
    "ciudad": "Gigante",
    "departamento_id": 41
  },
  {
    "id": "41,319",
    "ciudad": "Guadalupe",
    "departamento_id": 41
  },
  {
    "id": "41,349",
    "ciudad": "Hobo",
    "departamento_id": 41
  },
  {
    "id": "41,357",
    "ciudad": "Iquira",
    "departamento_id": 41
  },
  {
    "id": "41,359",
    "ciudad": "Isnos",
    "departamento_id": 41
  },
  {
    "id": "41,378",
    "ciudad": "La Argentina",
    "departamento_id": 41
  },
  {
    "id": "41,396",
    "ciudad": "La Plata",
    "departamento_id": 41
  },
  {
    "id": "41,483",
    "ciudad": "Nátaga",
    "departamento_id": 41
  },
  {
    "id": "41,503",
    "ciudad": "Oporapa",
    "departamento_id": 41
  },
  {
    "id": "41,518",
    "ciudad": "Paicol",
    "departamento_id": 41
  },
  {
    "id": "41,524",
    "ciudad": "Palermo",
    "departamento_id": 41
  },
  {
    "id": "41,53",
    "ciudad": "Palestina",
    "departamento_id": 41
  },
  {
    "id": "41,548",
    "ciudad": "Pital",
    "departamento_id": 41
  },
  {
    "id": "41,551",
    "ciudad": "Pitalito",
    "departamento_id": 41
  },
  {
    "id": "41,615",
    "ciudad": "Rivera",
    "departamento_id": 41
  },
  {
    "id": "41,66",
    "ciudad": "Saladoblanco",
    "departamento_id": 41
  },
  {
    "id": "41,676",
    "ciudad": "Santa María",
    "departamento_id": 41
  },
  {
    "id": "41,77",
    "ciudad": "Suaza",
    "departamento_id": 41
  },
  {
    "id": "41,791",
    "ciudad": "Tarqui",
    "departamento_id": 41
  },
  {
    "id": "41,797",
    "ciudad": "Tesalia",
    "departamento_id": 41
  },
  {
    "id": "41,799",
    "ciudad": "Tello",
    "departamento_id": 41
  },
  {
    "id": "41,801",
    "ciudad": "Teruel",
    "departamento_id": 41
  },
  {
    "id": "41,807",
    "ciudad": "Timaná",
    "departamento_id": 41
  },
  {
    "id": "41,872",
    "ciudad": "Villavieja",
    "departamento_id": 41
  },
  {
    "id": "41,885",
    "ciudad": "Yaguará",
    "departamento_id": 41
  },
  {
    "id": "41,668",
    "ciudad": "San Agustín",
    "departamento_id": 41
  },
  {
    "id": "44,001",
    "ciudad": "Riohacha",
    "departamento_id": 44
  },
  {
    "id": "44,035",
    "ciudad": "Albania",
    "departamento_id": 44
  },
  {
    "id": "44,078",
    "ciudad": "Barrancas",
    "departamento_id": 44
  },
  {
    "id": "44,09",
    "ciudad": "Dibula",
    "departamento_id": 44
  },
  {
    "id": "44,098",
    "ciudad": "Distracción",
    "departamento_id": 44
  },
  {
    "id": "44,11",
    "ciudad": "El Molino",
    "departamento_id": 44
  },
  {
    "id": "44,279",
    "ciudad": "Fonseca",
    "departamento_id": 44
  },
  {
    "id": "44,378",
    "ciudad": "Hatonuevo",
    "departamento_id": 44
  },
  {
    "id": "44,43",
    "ciudad": "Maicao",
    "departamento_id": 44
  },
  {
    "id": "44,56",
    "ciudad": "Manaure",
    "departamento_id": 44
  },
  {
    "id": "44,847",
    "ciudad": "Uribia",
    "departamento_id": 44
  },
  {
    "id": "44,855",
    "ciudad": "Urumita",
    "departamento_id": 44
  },
  {
    "id": "44,874",
    "ciudad": "Villanueva",
    "departamento_id": 44
  },
  {
    "id": "44,42",
    "ciudad": "La Jagua del Pilar",
    "departamento_id": 44
  },
  {
    "id": "44,65",
    "ciudad": "San Juan del Cesar",
    "departamento_id": 44
  },
  {
    "id": "47,72",
    "ciudad": "Santa Bárbara de Pinto",
    "departamento_id": 47
  },
  {
    "id": "47,57",
    "ciudad": "Pueblo Viejo",
    "departamento_id": 47
  },
  {
    "id": "47,001",
    "ciudad": "Santa Marta",
    "departamento_id": 47
  },
  {
    "id": "47,03",
    "ciudad": "Algarrobo",
    "departamento_id": 47
  },
  {
    "id": "47,053",
    "ciudad": "Aracataca",
    "departamento_id": 47
  },
  {
    "id": "47,058",
    "ciudad": "Ariguaní",
    "departamento_id": 47
  },
  {
    "id": "47,161",
    "ciudad": "Cerro San Antonio",
    "departamento_id": 47
  },
  {
    "id": "47,17",
    "ciudad": "Chivolo",
    "departamento_id": 47
  },
  {
    "id": "47,205",
    "ciudad": "Concordia",
    "departamento_id": 47
  },
  {
    "id": "47,245",
    "ciudad": "El Banco",
    "departamento_id": 47
  },
  {
    "id": "47,258",
    "ciudad": "El Piñon",
    "departamento_id": 47
  },
  {
    "id": "47,268",
    "ciudad": "El Retén",
    "departamento_id": 47
  },
  {
    "id": "47,288",
    "ciudad": "Fundación",
    "departamento_id": 47
  },
  {
    "id": "47,318",
    "ciudad": "Guamal",
    "departamento_id": 47
  },
  {
    "id": "47,46",
    "ciudad": "Nueva Granada",
    "departamento_id": 47
  },
  {
    "id": "47,541",
    "ciudad": "Pedraza",
    "departamento_id": 47
  },
  {
    "id": "47,551",
    "ciudad": "Pivijay",
    "departamento_id": 47
  },
  {
    "id": "47,555",
    "ciudad": "Plato",
    "departamento_id": 47
  },
  {
    "id": "47,605",
    "ciudad": "Remolino",
    "departamento_id": 47
  },
  {
    "id": "47,675",
    "ciudad": "Salamina",
    "departamento_id": 47
  },
  {
    "id": "47,703",
    "ciudad": "San Zenón",
    "departamento_id": 47
  },
  {
    "id": "47,707",
    "ciudad": "Santa Ana",
    "departamento_id": 47
  },
  {
    "id": "47,745",
    "ciudad": "Sitionuevo",
    "departamento_id": 47
  },
  {
    "id": "47,798",
    "ciudad": "Tenerife",
    "departamento_id": 47
  },
  {
    "id": "47,96",
    "ciudad": "Zapayán",
    "departamento_id": 47
  },
  {
    "id": "47,98",
    "ciudad": "Zona Bananera",
    "departamento_id": 47
  },
  {
    "id": "47,189",
    "ciudad": "Ciénaga",
    "departamento_id": 47
  },
  {
    "id": "47,692",
    "ciudad": "San Sebastián de Buenavista",
    "departamento_id": 47
  },
  {
    "id": "47,66",
    "ciudad": "Sabanas de San Angel",
    "departamento_id": 47
  },
  {
    "id": "47,545",
    "ciudad": "Pijiño del Carmen",
    "departamento_id": 47
  },
  {
    "id": "50,15",
    "ciudad": "Castilla la Nueva",
    "departamento_id": 50
  },
  {
    "id": "50,001",
    "ciudad": "Villavicencio",
    "departamento_id": 50
  },
  {
    "id": "50,006",
    "ciudad": "Acacias",
    "departamento_id": 50
  },
  {
    "id": "50,124",
    "ciudad": "Cabuyaro",
    "departamento_id": 50
  },
  {
    "id": "50,223",
    "ciudad": "Cubarral",
    "departamento_id": 50
  },
  {
    "id": "50,226",
    "ciudad": "Cumaral",
    "departamento_id": 50
  },
  {
    "id": "50,245",
    "ciudad": "El Calvario",
    "departamento_id": 50
  },
  {
    "id": "50,251",
    "ciudad": "El Castillo",
    "departamento_id": 50
  },
  {
    "id": "50,27",
    "ciudad": "El Dorado",
    "departamento_id": 50
  },
  {
    "id": "50,313",
    "ciudad": "Granada",
    "departamento_id": 50
  },
  {
    "id": "50,318",
    "ciudad": "Guamal",
    "departamento_id": 50
  },
  {
    "id": "50,325",
    "ciudad": "Mapiripán",
    "departamento_id": 50
  },
  {
    "id": "50,33",
    "ciudad": "Mesetas",
    "departamento_id": 50
  },
  {
    "id": "50,35",
    "ciudad": "La Macarena",
    "departamento_id": 50
  },
  {
    "id": "50,37",
    "ciudad": "Uribe",
    "departamento_id": 50
  },
  {
    "id": "50,4",
    "ciudad": "Lejanías",
    "departamento_id": 50
  },
  {
    "id": "50,45",
    "ciudad": "Puerto Concordia",
    "departamento_id": 50
  },
  {
    "id": "50,568",
    "ciudad": "Puerto Gaitán",
    "departamento_id": 50
  },
  {
    "id": "50,573",
    "ciudad": "Puerto López",
    "departamento_id": 50
  },
  {
    "id": "50,577",
    "ciudad": "Puerto Lleras",
    "departamento_id": 50
  },
  {
    "id": "50,59",
    "ciudad": "Puerto Rico",
    "departamento_id": 50
  },
  {
    "id": "50,606",
    "ciudad": "Restrepo",
    "departamento_id": 50
  },
  {
    "id": "50,686",
    "ciudad": "San Juanito",
    "departamento_id": 50
  },
  {
    "id": "50,689",
    "ciudad": "San Martín",
    "departamento_id": 50
  },
  {
    "id": "50,711",
    "ciudad": "Vista Hermosa",
    "departamento_id": 50
  },
  {
    "id": "50,11",
    "ciudad": "Barranca de Upía",
    "departamento_id": 50
  },
  {
    "id": "50,287",
    "ciudad": "Fuente de Oro",
    "departamento_id": 50
  },
  {
    "id": "50,68",
    "ciudad": "San Carlos de Guaroa",
    "departamento_id": 50
  },
  {
    "id": "50,683",
    "ciudad": "San Juan de Arama",
    "departamento_id": 50
  },
  {
    "id": "52,11",
    "ciudad": "Buesaco",
    "departamento_id": 52
  },
  {
    "id": "52,835",
    "ciudad": "San Andrés de Tumaco",
    "departamento_id": 52
  },
  {
    "id": "52,083",
    "ciudad": "Belén",
    "departamento_id": 52
  },
  {
    "id": "52,24",
    "ciudad": "Chachagüí",
    "departamento_id": 52
  },
  {
    "id": "52,051",
    "ciudad": "Arboleda",
    "departamento_id": 52
  },
  {
    "id": "52,001",
    "ciudad": "Pasto",
    "departamento_id": 52
  },
  {
    "id": "52,019",
    "ciudad": "Albán",
    "departamento_id": 52
  },
  {
    "id": "52,022",
    "ciudad": "Aldana",
    "departamento_id": 52
  },
  {
    "id": "52,036",
    "ciudad": "Ancuyá",
    "departamento_id": 52
  },
  {
    "id": "52,079",
    "ciudad": "Barbacoas",
    "departamento_id": 52
  },
  {
    "id": "52,203",
    "ciudad": "Colón",
    "departamento_id": 52
  },
  {
    "id": "52,207",
    "ciudad": "Consaca",
    "departamento_id": 52
  },
  {
    "id": "52,21",
    "ciudad": "Contadero",
    "departamento_id": 52
  },
  {
    "id": "52,215",
    "ciudad": "Córdoba",
    "departamento_id": 52
  },
  {
    "id": "52,224",
    "ciudad": "Cuaspud",
    "departamento_id": 52
  },
  {
    "id": "52,227",
    "ciudad": "Cumbal",
    "departamento_id": 52
  },
  {
    "id": "52,233",
    "ciudad": "Cumbitara",
    "departamento_id": 52
  },
  {
    "id": "52,25",
    "ciudad": "El Charco",
    "departamento_id": 52
  },
  {
    "id": "52,254",
    "ciudad": "El Peñol",
    "departamento_id": 52
  },
  {
    "id": "52,256",
    "ciudad": "El Rosario",
    "departamento_id": 52
  },
  {
    "id": "52,26",
    "ciudad": "El Tambo",
    "departamento_id": 52
  },
  {
    "id": "52,287",
    "ciudad": "Funes",
    "departamento_id": 52
  },
  {
    "id": "52,317",
    "ciudad": "Guachucal",
    "departamento_id": 52
  },
  {
    "id": "52,32",
    "ciudad": "Guaitarilla",
    "departamento_id": 52
  },
  {
    "id": "52,323",
    "ciudad": "Gualmatán",
    "departamento_id": 52
  },
  {
    "id": "52,352",
    "ciudad": "Iles",
    "departamento_id": 52
  },
  {
    "id": "52,354",
    "ciudad": "Imués",
    "departamento_id": 52
  },
  {
    "id": "52,356",
    "ciudad": "Ipiales",
    "departamento_id": 52
  },
  {
    "id": "52,378",
    "ciudad": "La Cruz",
    "departamento_id": 52
  },
  {
    "id": "52,381",
    "ciudad": "La Florida",
    "departamento_id": 52
  },
  {
    "id": "52,385",
    "ciudad": "La Llanada",
    "departamento_id": 52
  },
  {
    "id": "52,39",
    "ciudad": "La Tola",
    "departamento_id": 52
  },
  {
    "id": "52,399",
    "ciudad": "La Unión",
    "departamento_id": 52
  },
  {
    "id": "52,405",
    "ciudad": "Leiva",
    "departamento_id": 52
  },
  {
    "id": "52,411",
    "ciudad": "Linares",
    "departamento_id": 52
  },
  {
    "id": "52,418",
    "ciudad": "Los Andes",
    "departamento_id": 52
  },
  {
    "id": "52,427",
    "ciudad": "Magüí",
    "departamento_id": 52
  },
  {
    "id": "52,435",
    "ciudad": "Mallama",
    "departamento_id": 52
  },
  {
    "id": "52,473",
    "ciudad": "Mosquera",
    "departamento_id": 52
  },
  {
    "id": "52,48",
    "ciudad": "Nariño",
    "departamento_id": 52
  },
  {
    "id": "52,49",
    "ciudad": "Olaya Herrera",
    "departamento_id": 52
  },
  {
    "id": "52,506",
    "ciudad": "Ospina",
    "departamento_id": 52
  },
  {
    "id": "52,52",
    "ciudad": "Francisco Pizarro",
    "departamento_id": 52
  },
  {
    "id": "52,54",
    "ciudad": "Policarpa",
    "departamento_id": 52
  },
  {
    "id": "52,56",
    "ciudad": "Potosí",
    "departamento_id": 52
  },
  {
    "id": "52,565",
    "ciudad": "Providencia",
    "departamento_id": 52
  },
  {
    "id": "52,573",
    "ciudad": "Puerres",
    "departamento_id": 52
  },
  {
    "id": "52,585",
    "ciudad": "Pupiales",
    "departamento_id": 52
  },
  {
    "id": "52,612",
    "ciudad": "Ricaurte",
    "departamento_id": 52
  },
  {
    "id": "52,621",
    "ciudad": "Roberto Payán",
    "departamento_id": 52
  },
  {
    "id": "52,678",
    "ciudad": "Samaniego",
    "departamento_id": 52
  },
  {
    "id": "52,683",
    "ciudad": "Sandoná",
    "departamento_id": 52
  },
  {
    "id": "52,685",
    "ciudad": "San Bernardo",
    "departamento_id": 52
  },
  {
    "id": "52,687",
    "ciudad": "San Lorenzo",
    "departamento_id": 52
  },
  {
    "id": "52,693",
    "ciudad": "San Pablo",
    "departamento_id": 52
  },
  {
    "id": "52,696",
    "ciudad": "Santa Bárbara",
    "departamento_id": 52
  },
  {
    "id": "52,72",
    "ciudad": "Sapuyes",
    "departamento_id": 52
  },
  {
    "id": "52,786",
    "ciudad": "Taminango",
    "departamento_id": 52
  },
  {
    "id": "52,788",
    "ciudad": "Tangua",
    "departamento_id": 52
  },
  {
    "id": "52,699",
    "ciudad": "Santacruz",
    "departamento_id": 52
  },
  {
    "id": "52,838",
    "ciudad": "Túquerres",
    "departamento_id": 52
  },
  {
    "id": "52,885",
    "ciudad": "Yacuanquer",
    "departamento_id": 52
  },
  {
    "id": "52,694",
    "ciudad": "San Pedro de Cartago",
    "departamento_id": 52
  },
  {
    "id": "52,258",
    "ciudad": "El Tablón de Gómez",
    "departamento_id": 52
  },
  {
    "id": "54,518",
    "ciudad": "Pamplona",
    "departamento_id": 54
  },
  {
    "id": "54,52",
    "ciudad": "Pamplonita",
    "departamento_id": 54
  },
  {
    "id": "54,001",
    "ciudad": "Cúcuta",
    "departamento_id": 54
  },
  {
    "id": "54,245",
    "ciudad": "El Carmen",
    "departamento_id": 54
  },
  {
    "id": "54,743",
    "ciudad": "Silos",
    "departamento_id": 54
  },
  {
    "id": "54,125",
    "ciudad": "Cácota",
    "departamento_id": 54
  },
  {
    "id": "54,82",
    "ciudad": "Toledo",
    "departamento_id": 54
  },
  {
    "id": "54,48",
    "ciudad": "Mutiscua",
    "departamento_id": 54
  },
  {
    "id": "54,261",
    "ciudad": "El Zulia",
    "departamento_id": 54
  },
  {
    "id": "54,66",
    "ciudad": "Salazar",
    "departamento_id": 54
  },
  {
    "id": "54,223",
    "ciudad": "Cucutilla",
    "departamento_id": 54
  },
  {
    "id": "54,553",
    "ciudad": "Puerto Santander",
    "departamento_id": 54
  },
  {
    "id": "54,313",
    "ciudad": "Gramalote",
    "departamento_id": 54
  },
  {
    "id": "54,25",
    "ciudad": "El Tarra",
    "departamento_id": 54
  },
  {
    "id": "54,8",
    "ciudad": "Teorama",
    "departamento_id": 54
  },
  {
    "id": "54,051",
    "ciudad": "Arboledas",
    "departamento_id": 54
  },
  {
    "id": "54,418",
    "ciudad": "Lourdes",
    "departamento_id": 54
  },
  {
    "id": "54,099",
    "ciudad": "Bochalema",
    "departamento_id": 54
  },
  {
    "id": "54,206",
    "ciudad": "Convención",
    "departamento_id": 54
  },
  {
    "id": "54,344",
    "ciudad": "Hacarí",
    "departamento_id": 54
  },
  {
    "id": "54,347",
    "ciudad": "Herrán",
    "departamento_id": 54
  },
  {
    "id": "54,81",
    "ciudad": "Tibú",
    "departamento_id": 54
  },
  {
    "id": "54,673",
    "ciudad": "San Cayetano",
    "departamento_id": 54
  },
  {
    "id": "54,67",
    "ciudad": "San Calixto",
    "departamento_id": 54
  },
  {
    "id": "54,398",
    "ciudad": "La Playa",
    "departamento_id": 54
  },
  {
    "id": "54,172",
    "ciudad": "Chinácota",
    "departamento_id": 54
  },
  {
    "id": "54,599",
    "ciudad": "Ragonvalia",
    "departamento_id": 54
  },
  {
    "id": "54,385",
    "ciudad": "La Esperanza",
    "departamento_id": 54
  },
  {
    "id": "54,874",
    "ciudad": "Villa del Rosario",
    "departamento_id": 54
  },
  {
    "id": "54,174",
    "ciudad": "Chitagá",
    "departamento_id": 54
  },
  {
    "id": "54,72",
    "ciudad": "Sardinata",
    "departamento_id": 54
  },
  {
    "id": "54,003",
    "ciudad": "Abrego",
    "departamento_id": 54
  },
  {
    "id": "54,405",
    "ciudad": "Los Patios",
    "departamento_id": 54
  },
  {
    "id": "54,498",
    "ciudad": "Ocaña",
    "departamento_id": 54
  },
  {
    "id": "54,109",
    "ciudad": "Bucarasica",
    "departamento_id": 54
  },
  {
    "id": "54,68",
    "ciudad": "Santiago",
    "departamento_id": 54
  },
  {
    "id": "54,377",
    "ciudad": "Labateca",
    "departamento_id": 54
  },
  {
    "id": "54,128",
    "ciudad": "Cachirá",
    "departamento_id": 54
  },
  {
    "id": "54,871",
    "ciudad": "Villa Caro",
    "departamento_id": 54
  },
  {
    "id": "54,239",
    "ciudad": "Durania",
    "departamento_id": 54
  },
  {
    "id": "63,13",
    "ciudad": "Calarcá",
    "departamento_id": 63
  },
  {
    "id": "63,302",
    "ciudad": "Génova",
    "departamento_id": 63
  },
  {
    "id": "63,001",
    "ciudad": "Armenia",
    "departamento_id": 63
  },
  {
    "id": "63,111",
    "ciudad": "Buenavista",
    "departamento_id": 63
  },
  {
    "id": "63,19",
    "ciudad": "Circasia",
    "departamento_id": 63
  },
  {
    "id": "63,212",
    "ciudad": "Córdoba",
    "departamento_id": 63
  },
  {
    "id": "63,272",
    "ciudad": "Filandia",
    "departamento_id": 63
  },
  {
    "id": "63,401",
    "ciudad": "La Tebaida",
    "departamento_id": 63
  },
  {
    "id": "63,47",
    "ciudad": "Montenegro",
    "departamento_id": 63
  },
  {
    "id": "63,548",
    "ciudad": "Pijao",
    "departamento_id": 63
  },
  {
    "id": "63,594",
    "ciudad": "Quimbaya",
    "departamento_id": 63
  },
  {
    "id": "63,69",
    "ciudad": "Salento",
    "departamento_id": 63
  },
  {
    "id": "66,001",
    "ciudad": "Pereira",
    "departamento_id": 66
  },
  {
    "id": "66,045",
    "ciudad": "Apía",
    "departamento_id": 66
  },
  {
    "id": "66,075",
    "ciudad": "Balboa",
    "departamento_id": 66
  },
  {
    "id": "66,17",
    "ciudad": "Dosquebradas",
    "departamento_id": 66
  },
  {
    "id": "66,318",
    "ciudad": "Guática",
    "departamento_id": 66
  },
  {
    "id": "66,383",
    "ciudad": "La Celia",
    "departamento_id": 66
  },
  {
    "id": "66,4",
    "ciudad": "La Virginia",
    "departamento_id": 66
  },
  {
    "id": "66,44",
    "ciudad": "Marsella",
    "departamento_id": 66
  },
  {
    "id": "66,456",
    "ciudad": "Mistrató",
    "departamento_id": 66
  },
  {
    "id": "66,572",
    "ciudad": "Pueblo Rico",
    "departamento_id": 66
  },
  {
    "id": "66,594",
    "ciudad": "Quinchía",
    "departamento_id": 66
  },
  {
    "id": "66,687",
    "ciudad": "Santuario",
    "departamento_id": 66
  },
  {
    "id": "66,682",
    "ciudad": "Santa Rosa de Cabal",
    "departamento_id": 66
  },
  {
    "id": "66,088",
    "ciudad": "Belén de Umbría",
    "departamento_id": 66
  },
  {
    "id": "68,176",
    "ciudad": "Chimá",
    "departamento_id": 68
  },
  {
    "id": "68,147",
    "ciudad": "Capitanejo",
    "departamento_id": 68
  },
  {
    "id": "68,25",
    "ciudad": "El Peñón",
    "departamento_id": 68
  },
  {
    "id": "68,575",
    "ciudad": "Puerto Wilches",
    "departamento_id": 68
  },
  {
    "id": "68,573",
    "ciudad": "Puerto Parra",
    "departamento_id": 68
  },
  {
    "id": "68,001",
    "ciudad": "Bucaramanga",
    "departamento_id": 68
  },
  {
    "id": "68,013",
    "ciudad": "Aguada",
    "departamento_id": 68
  },
  {
    "id": "68,02",
    "ciudad": "Albania",
    "departamento_id": 68
  },
  {
    "id": "68,051",
    "ciudad": "Aratoca",
    "departamento_id": 68
  },
  {
    "id": "68,077",
    "ciudad": "Barbosa",
    "departamento_id": 68
  },
  {
    "id": "68,079",
    "ciudad": "Barichara",
    "departamento_id": 68
  },
  {
    "id": "68,081",
    "ciudad": "Barrancabermeja",
    "departamento_id": 68
  },
  {
    "id": "68,092",
    "ciudad": "Betulia",
    "departamento_id": 68
  },
  {
    "id": "68,101",
    "ciudad": "Bolívar",
    "departamento_id": 68
  },
  {
    "id": "68,121",
    "ciudad": "Cabrera",
    "departamento_id": 68
  },
  {
    "id": "68,132",
    "ciudad": "California",
    "departamento_id": 68
  },
  {
    "id": "68,152",
    "ciudad": "Carcasí",
    "departamento_id": 68
  },
  {
    "id": "68,16",
    "ciudad": "Cepitá",
    "departamento_id": 68
  },
  {
    "id": "68,162",
    "ciudad": "Cerrito",
    "departamento_id": 68
  },
  {
    "id": "68,167",
    "ciudad": "Charalá",
    "departamento_id": 68
  },
  {
    "id": "68,169",
    "ciudad": "Charta",
    "departamento_id": 68
  },
  {
    "id": "68,179",
    "ciudad": "Chipatá",
    "departamento_id": 68
  },
  {
    "id": "68,19",
    "ciudad": "Cimitarra",
    "departamento_id": 68
  },
  {
    "id": "68,207",
    "ciudad": "Concepción",
    "departamento_id": 68
  },
  {
    "id": "68,209",
    "ciudad": "Confines",
    "departamento_id": 68
  },
  {
    "id": "68,211",
    "ciudad": "Contratación",
    "departamento_id": 68
  },
  {
    "id": "68,217",
    "ciudad": "Coromoro",
    "departamento_id": 68
  },
  {
    "id": "68,229",
    "ciudad": "Curití",
    "departamento_id": 68
  },
  {
    "id": "68,245",
    "ciudad": "El Guacamayo",
    "departamento_id": 68
  },
  {
    "id": "68,255",
    "ciudad": "El Playón",
    "departamento_id": 68
  },
  {
    "id": "68,264",
    "ciudad": "Encino",
    "departamento_id": 68
  },
  {
    "id": "68,266",
    "ciudad": "Enciso",
    "departamento_id": 68
  },
  {
    "id": "68,271",
    "ciudad": "Florián",
    "departamento_id": 68
  },
  {
    "id": "68,276",
    "ciudad": "Floridablanca",
    "departamento_id": 68
  },
  {
    "id": "68,296",
    "ciudad": "Galán",
    "departamento_id": 68
  },
  {
    "id": "68,298",
    "ciudad": "Gambita",
    "departamento_id": 68
  },
  {
    "id": "68,307",
    "ciudad": "Girón",
    "departamento_id": 68
  },
  {
    "id": "68,318",
    "ciudad": "Guaca",
    "departamento_id": 68
  },
  {
    "id": "68,32",
    "ciudad": "Guadalupe",
    "departamento_id": 68
  },
  {
    "id": "68,322",
    "ciudad": "Guapotá",
    "departamento_id": 68
  },
  {
    "id": "68,324",
    "ciudad": "Guavatá",
    "departamento_id": 68
  },
  {
    "id": "68,327",
    "ciudad": "Güepsa",
    "departamento_id": 68
  },
  {
    "id": "68,368",
    "ciudad": "Jesús María",
    "departamento_id": 68
  },
  {
    "id": "68,37",
    "ciudad": "Jordán",
    "departamento_id": 68
  },
  {
    "id": "68,377",
    "ciudad": "La Belleza",
    "departamento_id": 68
  },
  {
    "id": "68,385",
    "ciudad": "Landázuri",
    "departamento_id": 68
  },
  {
    "id": "68,397",
    "ciudad": "La Paz",
    "departamento_id": 68
  },
  {
    "id": "68,406",
    "ciudad": "Lebríja",
    "departamento_id": 68
  },
  {
    "id": "68,418",
    "ciudad": "Los Santos",
    "departamento_id": 68
  },
  {
    "id": "68,425",
    "ciudad": "Macaravita",
    "departamento_id": 68
  },
  {
    "id": "68,432",
    "ciudad": "Málaga",
    "departamento_id": 68
  },
  {
    "id": "68,444",
    "ciudad": "Matanza",
    "departamento_id": 68
  },
  {
    "id": "68,464",
    "ciudad": "Mogotes",
    "departamento_id": 68
  },
  {
    "id": "68,468",
    "ciudad": "Molagavita",
    "departamento_id": 68
  },
  {
    "id": "68,498",
    "ciudad": "Ocamonte",
    "departamento_id": 68
  },
  {
    "id": "68,5",
    "ciudad": "Oiba",
    "departamento_id": 68
  },
  {
    "id": "68,502",
    "ciudad": "Onzaga",
    "departamento_id": 68
  },
  {
    "id": "68,522",
    "ciudad": "Palmar",
    "departamento_id": 68
  },
  {
    "id": "68,533",
    "ciudad": "Páramo",
    "departamento_id": 68
  },
  {
    "id": "68,547",
    "ciudad": "Piedecuesta",
    "departamento_id": 68
  },
  {
    "id": "68,549",
    "ciudad": "Pinchote",
    "departamento_id": 68
  },
  {
    "id": "68,572",
    "ciudad": "Puente Nacional",
    "departamento_id": 68
  },
  {
    "id": "68,615",
    "ciudad": "Rionegro",
    "departamento_id": 68
  },
  {
    "id": "68,669",
    "ciudad": "San Andrés",
    "departamento_id": 68
  },
  {
    "id": "68,679",
    "ciudad": "San Gil",
    "departamento_id": 68
  },
  {
    "id": "68,682",
    "ciudad": "San Joaquín",
    "departamento_id": 68
  },
  {
    "id": "68,686",
    "ciudad": "San Miguel",
    "departamento_id": 68
  },
  {
    "id": "68,705",
    "ciudad": "Santa Bárbara",
    "departamento_id": 68
  },
  {
    "id": "68,745",
    "ciudad": "Simacota",
    "departamento_id": 68
  },
  {
    "id": "68,755",
    "ciudad": "Socorro",
    "departamento_id": 68
  },
  {
    "id": "68,77",
    "ciudad": "Suaita",
    "departamento_id": 68
  },
  {
    "id": "68,773",
    "ciudad": "Sucre",
    "departamento_id": 68
  },
  {
    "id": "68,78",
    "ciudad": "Suratá",
    "departamento_id": 68
  },
  {
    "id": "68,82",
    "ciudad": "Tona",
    "departamento_id": 68
  },
  {
    "id": "68,861",
    "ciudad": "Vélez",
    "departamento_id": 68
  },
  {
    "id": "68,867",
    "ciudad": "Vetas",
    "departamento_id": 68
  },
  {
    "id": "68,872",
    "ciudad": "Villanueva",
    "departamento_id": 68
  },
  {
    "id": "68,895",
    "ciudad": "Zapatoca",
    "departamento_id": 68
  },
  {
    "id": "68,524",
    "ciudad": "Palmas del Socorro",
    "departamento_id": 68
  },
  {
    "id": "68,689",
    "ciudad": "San Vicente de Chucurí",
    "departamento_id": 68
  },
  {
    "id": "68,684",
    "ciudad": "San José de Miranda",
    "departamento_id": 68
  },
  {
    "id": "68,72",
    "ciudad": "Santa Helena del Opón",
    "departamento_id": 68
  },
  {
    "id": "68,655",
    "ciudad": "Sabana de Torres",
    "departamento_id": 68
  },
  {
    "id": "68,235",
    "ciudad": "El Carmen de Chucurí",
    "departamento_id": 68
  },
  {
    "id": "68,855",
    "ciudad": "Valle de San José",
    "departamento_id": 68
  },
  {
    "id": "68,673",
    "ciudad": "San Benito",
    "departamento_id": 68
  },
  {
    "id": "68,344",
    "ciudad": "Hato",
    "departamento_id": 68
  },
  {
    "id": "70,67",
    "ciudad": "Sampués",
    "departamento_id": 70
  },
  {
    "id": "70,215",
    "ciudad": "Corozal",
    "departamento_id": 70
  },
  {
    "id": "70,001",
    "ciudad": "Sincelejo",
    "departamento_id": 70
  },
  {
    "id": "70,11",
    "ciudad": "Buenavista",
    "departamento_id": 70
  },
  {
    "id": "70,124",
    "ciudad": "Caimito",
    "departamento_id": 70
  },
  {
    "id": "70,204",
    "ciudad": "Coloso",
    "departamento_id": 70
  },
  {
    "id": "70,221",
    "ciudad": "Coveñas",
    "departamento_id": 70
  },
  {
    "id": "70,23",
    "ciudad": "Chalán",
    "departamento_id": 70
  },
  {
    "id": "70,233",
    "ciudad": "El Roble",
    "departamento_id": 70
  },
  {
    "id": "70,235",
    "ciudad": "Galeras",
    "departamento_id": 70
  },
  {
    "id": "70,265",
    "ciudad": "Guaranda",
    "departamento_id": 70
  },
  {
    "id": "70,4",
    "ciudad": "La Unión",
    "departamento_id": 70
  },
  {
    "id": "70,418",
    "ciudad": "Los Palmitos",
    "departamento_id": 70
  },
  {
    "id": "70,429",
    "ciudad": "Majagual",
    "departamento_id": 70
  },
  {
    "id": "70,473",
    "ciudad": "Morroa",
    "departamento_id": 70
  },
  {
    "id": "70,508",
    "ciudad": "Ovejas",
    "departamento_id": 70
  },
  {
    "id": "70,523",
    "ciudad": "Palmito",
    "departamento_id": 70
  },
  {
    "id": "70,678",
    "ciudad": "San Benito Abad",
    "departamento_id": 70
  },
  {
    "id": "70,708",
    "ciudad": "San Marcos",
    "departamento_id": 70
  },
  {
    "id": "70,713",
    "ciudad": "San Onofre",
    "departamento_id": 70
  },
  {
    "id": "70,717",
    "ciudad": "San Pedro",
    "departamento_id": 70
  },
  {
    "id": "70,771",
    "ciudad": "Sucre",
    "departamento_id": 70
  },
  {
    "id": "70,823",
    "ciudad": "Tolú Viejo",
    "departamento_id": 70
  },
  {
    "id": "70,742",
    "ciudad": "San Luis de Sincé",
    "departamento_id": 70
  },
  {
    "id": "70,702",
    "ciudad": "San Juan de Betulia",
    "departamento_id": 70
  },
  {
    "id": "70,82",
    "ciudad": "Santiago de Tolú",
    "departamento_id": 70
  },
  {
    "id": "73,152",
    "ciudad": "Casabianca",
    "departamento_id": 73
  },
  {
    "id": "73,043",
    "ciudad": "Anzoátegui",
    "departamento_id": 73
  },
  {
    "id": "73,001",
    "ciudad": "Ibagué",
    "departamento_id": 73
  },
  {
    "id": "73,411",
    "ciudad": "Líbano",
    "departamento_id": 73
  },
  {
    "id": "73,408",
    "ciudad": "Lérida",
    "departamento_id": 73
  },
  {
    "id": "73,77",
    "ciudad": "Suárez",
    "departamento_id": 73
  },
  {
    "id": "73,024",
    "ciudad": "Alpujarra",
    "departamento_id": 73
  },
  {
    "id": "73,026",
    "ciudad": "Alvarado",
    "departamento_id": 73
  },
  {
    "id": "73,03",
    "ciudad": "Ambalema",
    "departamento_id": 73
  },
  {
    "id": "73,055",
    "ciudad": "Armero",
    "departamento_id": 73
  },
  {
    "id": "73,067",
    "ciudad": "Ataco",
    "departamento_id": 73
  },
  {
    "id": "73,124",
    "ciudad": "Cajamarca",
    "departamento_id": 73
  },
  {
    "id": "73,168",
    "ciudad": "Chaparral",
    "departamento_id": 73
  },
  {
    "id": "73,2",
    "ciudad": "Coello",
    "departamento_id": 73
  },
  {
    "id": "73,217",
    "ciudad": "Coyaima",
    "departamento_id": 73
  },
  {
    "id": "73,226",
    "ciudad": "Cunday",
    "departamento_id": 73
  },
  {
    "id": "73,236",
    "ciudad": "Dolores",
    "departamento_id": 73
  },
  {
    "id": "73,268",
    "ciudad": "Espinal",
    "departamento_id": 73
  },
  {
    "id": "73,27",
    "ciudad": "Falan",
    "departamento_id": 73
  },
  {
    "id": "73,275",
    "ciudad": "Flandes",
    "departamento_id": 73
  },
  {
    "id": "73,283",
    "ciudad": "Fresno",
    "departamento_id": 73
  },
  {
    "id": "73,319",
    "ciudad": "Guamo",
    "departamento_id": 73
  },
  {
    "id": "73,347",
    "ciudad": "Herveo",
    "departamento_id": 73
  },
  {
    "id": "73,349",
    "ciudad": "Honda",
    "departamento_id": 73
  },
  {
    "id": "73,352",
    "ciudad": "Icononzo",
    "departamento_id": 73
  },
  {
    "id": "73,443",
    "ciudad": "Mariquita",
    "departamento_id": 73
  },
  {
    "id": "73,449",
    "ciudad": "Melgar",
    "departamento_id": 73
  },
  {
    "id": "73,461",
    "ciudad": "Murillo",
    "departamento_id": 73
  },
  {
    "id": "73,483",
    "ciudad": "Natagaima",
    "departamento_id": 73
  },
  {
    "id": "73,504",
    "ciudad": "Ortega",
    "departamento_id": 73
  },
  {
    "id": "73,52",
    "ciudad": "Palocabildo",
    "departamento_id": 73
  },
  {
    "id": "73,547",
    "ciudad": "Piedras",
    "departamento_id": 73
  },
  {
    "id": "73,555",
    "ciudad": "Planadas",
    "departamento_id": 73
  },
  {
    "id": "73,563",
    "ciudad": "Prado",
    "departamento_id": 73
  },
  {
    "id": "73,585",
    "ciudad": "Purificación",
    "departamento_id": 73
  },
  {
    "id": "73,616",
    "ciudad": "Rio Blanco",
    "departamento_id": 73
  },
  {
    "id": "73,622",
    "ciudad": "Roncesvalles",
    "departamento_id": 73
  },
  {
    "id": "73,624",
    "ciudad": "Rovira",
    "departamento_id": 73
  },
  {
    "id": "73,671",
    "ciudad": "Saldaña",
    "departamento_id": 73
  },
  {
    "id": "73,686",
    "ciudad": "Santa Isabel",
    "departamento_id": 73
  },
  {
    "id": "73,861",
    "ciudad": "Venadillo",
    "departamento_id": 73
  },
  {
    "id": "73,87",
    "ciudad": "Villahermosa",
    "departamento_id": 73
  },
  {
    "id": "73,873",
    "ciudad": "Villarrica",
    "departamento_id": 73
  },
  {
    "id": "73,854",
    "ciudad": "Valle de San Juan",
    "departamento_id": 73
  },
  {
    "id": "73,148",
    "ciudad": "Carmen de Apicala",
    "departamento_id": 73
  },
  {
    "id": "73,678",
    "ciudad": "San Luis",
    "departamento_id": 73
  },
  {
    "id": "73,675",
    "ciudad": "San Antonio",
    "departamento_id": 73
  },
  {
    "id": "76,834",
    "ciudad": "Tuluá",
    "departamento_id": 76
  },
  {
    "id": "76,275",
    "ciudad": "Florida",
    "departamento_id": 76
  },
  {
    "id": "76,364",
    "ciudad": "Jamundí",
    "departamento_id": 76
  },
  {
    "id": "76,109",
    "ciudad": "Buenaventura",
    "departamento_id": 76
  },
  {
    "id": "76,25",
    "ciudad": "El Dovio",
    "departamento_id": 76
  },
  {
    "id": "76,622",
    "ciudad": "Roldanillo",
    "departamento_id": 76
  },
  {
    "id": "76,054",
    "ciudad": "Argelia",
    "departamento_id": 76
  },
  {
    "id": "76,736",
    "ciudad": "Sevilla",
    "departamento_id": 76
  },
  {
    "id": "76,895",
    "ciudad": "Zarzal",
    "departamento_id": 76
  },
  {
    "id": "76,248",
    "ciudad": "El Cerrito",
    "departamento_id": 76
  },
  {
    "id": "76,147",
    "ciudad": "Cartago",
    "departamento_id": 76
  },
  {
    "id": "76,122",
    "ciudad": "Caicedonia",
    "departamento_id": 76
  },
  {
    "id": "76,246",
    "ciudad": "El Cairo",
    "departamento_id": 76
  },
  {
    "id": "76,4",
    "ciudad": "La Unión",
    "departamento_id": 76
  },
  {
    "id": "76,606",
    "ciudad": "Restrepo",
    "departamento_id": 76
  },
  {
    "id": "76,233",
    "ciudad": "Dagua",
    "departamento_id": 76
  },
  {
    "id": "76,318",
    "ciudad": "Guacarí",
    "departamento_id": 76
  },
  {
    "id": "76,041",
    "ciudad": "Ansermanuevo",
    "departamento_id": 76
  },
  {
    "id": "76,113",
    "ciudad": "Bugalagrande",
    "departamento_id": 76
  },
  {
    "id": "76,403",
    "ciudad": "La Victoria",
    "departamento_id": 76
  },
  {
    "id": "76,306",
    "ciudad": "Ginebra",
    "departamento_id": 76
  },
  {
    "id": "76,892",
    "ciudad": "Yumbo",
    "departamento_id": 76
  },
  {
    "id": "76,497",
    "ciudad": "Obando",
    "departamento_id": 76
  },
  {
    "id": "76,1",
    "ciudad": "Bolívar",
    "departamento_id": 76
  },
  {
    "id": "76,001",
    "ciudad": "Cali",
    "departamento_id": 76
  },
  {
    "id": "76,67",
    "ciudad": "San Pedro",
    "departamento_id": 76
  },
  {
    "id": "76,111",
    "ciudad": "Guadalajara de Buga",
    "departamento_id": 76
  },
  {
    "id": "76,126",
    "ciudad": "Calima",
    "departamento_id": 76
  },
  {
    "id": "76,036",
    "ciudad": "Andalucía",
    "departamento_id": 76
  },
  {
    "id": "76,563",
    "ciudad": "Pradera",
    "departamento_id": 76
  },
  {
    "id": "76,89",
    "ciudad": "Yotoco",
    "departamento_id": 76
  },
  {
    "id": "76,52",
    "ciudad": "Palmira",
    "departamento_id": 76
  },
  {
    "id": "76,616",
    "ciudad": "Riofrío",
    "departamento_id": 76
  },
  {
    "id": "76,02",
    "ciudad": "Alcalá",
    "departamento_id": 76
  },
  {
    "id": "76,863",
    "ciudad": "Versalles",
    "departamento_id": 76
  },
  {
    "id": "76,243",
    "ciudad": "El Águila",
    "departamento_id": 76
  },
  {
    "id": "76,823",
    "ciudad": "Toro",
    "departamento_id": 76
  },
  {
    "id": "76,13",
    "ciudad": "Candelaria",
    "departamento_id": 76
  },
  {
    "id": "76,377",
    "ciudad": "La Cumbre",
    "departamento_id": 76
  },
  {
    "id": "76,845",
    "ciudad": "Ulloa",
    "departamento_id": 76
  },
  {
    "id": "76,828",
    "ciudad": "Trujillo",
    "departamento_id": 76
  },
  {
    "id": "76,869",
    "ciudad": "Vijes",
    "departamento_id": 76
  },
  {
    "id": "81,065",
    "ciudad": "Arauquita",
    "departamento_id": 81
  },
  {
    "id": "81,22",
    "ciudad": "Cravo Norte",
    "departamento_id": 81
  },
  {
    "id": "81,3",
    "ciudad": "Fortul",
    "departamento_id": 81
  },
  {
    "id": "81,591",
    "ciudad": "Puerto Rondón",
    "departamento_id": 81
  },
  {
    "id": "81,736",
    "ciudad": "Saravena",
    "departamento_id": 81
  },
  {
    "id": "81,794",
    "ciudad": "Tame",
    "departamento_id": 81
  },
  {
    "id": "81,001",
    "ciudad": "Arauca",
    "departamento_id": 81
  },
  {
    "id": "85,225",
    "ciudad": "Nunchía",
    "departamento_id": 85
  },
  {
    "id": "85,139",
    "ciudad": "Maní",
    "departamento_id": 85
  },
  {
    "id": "85,4",
    "ciudad": "Támara",
    "departamento_id": 85
  },
  {
    "id": "85,23",
    "ciudad": "Orocué",
    "departamento_id": 85
  },
  {
    "id": "85,001",
    "ciudad": "Yopal",
    "departamento_id": 85
  },
  {
    "id": "85,01",
    "ciudad": "Aguazul",
    "departamento_id": 85
  },
  {
    "id": "85,015",
    "ciudad": "Chámeza",
    "departamento_id": 85
  },
  {
    "id": "85,125",
    "ciudad": "Hato Corozal",
    "departamento_id": 85
  },
  {
    "id": "85,136",
    "ciudad": "La Salina",
    "departamento_id": 85
  },
  {
    "id": "85,162",
    "ciudad": "Monterrey",
    "departamento_id": 85
  },
  {
    "id": "85,263",
    "ciudad": "Pore",
    "departamento_id": 85
  },
  {
    "id": "85,279",
    "ciudad": "Recetor",
    "departamento_id": 85
  },
  {
    "id": "85,3",
    "ciudad": "Sabanalarga",
    "departamento_id": 85
  },
  {
    "id": "85,315",
    "ciudad": "Sácama",
    "departamento_id": 85
  },
  {
    "id": "85,41",
    "ciudad": "Tauramena",
    "departamento_id": 85
  },
  {
    "id": "85,43",
    "ciudad": "Trinidad",
    "departamento_id": 85
  },
  {
    "id": "85,44",
    "ciudad": "Villanueva",
    "departamento_id": 85
  },
  {
    "id": "85,325",
    "ciudad": "San Luis de Gaceno",
    "departamento_id": 85
  },
  {
    "id": "85,25",
    "ciudad": "Paz de Ariporo",
    "departamento_id": 85
  },
  {
    "id": "86,568",
    "ciudad": "Puerto Asís",
    "departamento_id": 86
  },
  {
    "id": "86,885",
    "ciudad": "Villagarzón",
    "departamento_id": 86
  },
  {
    "id": "86,001",
    "ciudad": "Mocoa",
    "departamento_id": 86
  },
  {
    "id": "86,219",
    "ciudad": "Colón",
    "departamento_id": 86
  },
  {
    "id": "86,32",
    "ciudad": "Orito",
    "departamento_id": 86
  },
  {
    "id": "86,569",
    "ciudad": "Puerto Caicedo",
    "departamento_id": 86
  },
  {
    "id": "86,571",
    "ciudad": "Puerto Guzmán",
    "departamento_id": 86
  },
  {
    "id": "86,573",
    "ciudad": "Leguízamo",
    "departamento_id": 86
  },
  {
    "id": "86,749",
    "ciudad": "Sibundoy",
    "departamento_id": 86
  },
  {
    "id": "86,755",
    "ciudad": "San Francisco",
    "departamento_id": 86
  },
  {
    "id": "86,757",
    "ciudad": "San Miguel",
    "departamento_id": 86
  },
  {
    "id": "86,76",
    "ciudad": "Santiago",
    "departamento_id": 86
  },
  {
    "id": "86,865",
    "ciudad": "Valle de Guamez",
    "departamento_id": 86
  },
  {
    "id": "88,564",
    "ciudad": "Providencia",
    "departamento_id": 88
  },
  {
    "id": "88,001",
    "ciudad": "San Andrés",
    "departamento_id": 88
  },
  {
    "id": "91,46",
    "ciudad": "Miriti Paraná",
    "departamento_id": 91
  },
  {
    "id": "91,001",
    "ciudad": "Leticia",
    "departamento_id": 91
  },
  {
    "id": "91,263",
    "ciudad": "El Encanto",
    "departamento_id": 91
  },
  {
    "id": "91,405",
    "ciudad": "La Chorrera",
    "departamento_id": 91
  },
  {
    "id": "91,407",
    "ciudad": "La Pedrera",
    "departamento_id": 91
  },
  {
    "id": "91,43",
    "ciudad": "La Victoria",
    "departamento_id": 91
  },
  {
    "id": "91,536",
    "ciudad": "Puerto Arica",
    "departamento_id": 91
  },
  {
    "id": "91,54",
    "ciudad": "Puerto Nariño",
    "departamento_id": 91
  },
  {
    "id": "91,669",
    "ciudad": "Puerto Santander",
    "departamento_id": 91
  },
  {
    "id": "91,798",
    "ciudad": "Tarapacá",
    "departamento_id": 91
  },
  {
    "id": "91,53",
    "ciudad": "Puerto Alegría",
    "departamento_id": 91
  },
  {
    "id": "94,001",
    "ciudad": "Inírida",
    "departamento_id": 94
  },
  {
    "id": "94,343",
    "ciudad": "Barranco Minas",
    "departamento_id": 94
  },
  {
    "id": "94,663",
    "ciudad": "Mapiripana",
    "departamento_id": 94
  },
  {
    "id": "94,883",
    "ciudad": "San Felipe",
    "departamento_id": 94
  },
  {
    "id": "94,884",
    "ciudad": "Puerto Colombia",
    "departamento_id": 94
  },
  {
    "id": "94,885",
    "ciudad": "La Guadalupe",
    "departamento_id": 94
  },
  {
    "id": "94,886",
    "ciudad": "Cacahual",
    "departamento_id": 94
  },
  {
    "id": "94,887",
    "ciudad": "Pana Pana",
    "departamento_id": 94
  },
  {
    "id": "94,888",
    "ciudad": "Morichal",
    "departamento_id": 94
  },
  {
    "id": "95,015",
    "ciudad": "Calamar",
    "departamento_id": 95
  },
  {
    "id": "95,001",
    "ciudad": "San José del Guaviare",
    "departamento_id": 95
  },
  {
    "id": "95,2",
    "ciudad": "Miraflores",
    "departamento_id": 95
  },
  {
    "id": "95,025",
    "ciudad": "El Retorno",
    "departamento_id": 95
  },
  {
    "id": "97,889",
    "ciudad": "Yavaraté",
    "departamento_id": 97
  },
  {
    "id": "97,001",
    "ciudad": "Mitú",
    "departamento_id": 97
  },
  {
    "id": "97,161",
    "ciudad": "Caruru",
    "departamento_id": 97
  },
  {
    "id": "97,511",
    "ciudad": "Pacoa",
    "departamento_id": 97
  },
  {
    "id": "97,666",
    "ciudad": "Taraira",
    "departamento_id": 97
  },
  {
    "id": "97,777",
    "ciudad": "Papunaua",
    "departamento_id": 97
  },
  {
    "id": "99,001",
    "ciudad": "Puerto Carreño",
    "departamento_id": 99
  },
  {
    "id": "99,524",
    "ciudad": "La Primavera",
    "departamento_id": 99
  },
  {
    "id": "99,624",
    "ciudad": "Santa Rosalía",
    "departamento_id": 99
  },
  {
    "id": "99,773",
    "ciudad": "Cumaribo",
    "departamento_id": 99
  }
]