[{
        "id": 5,
        "departamento": "Antioquia"
    },
    {
        "id": 68,
        "departamento": "Santander"
    },
    {
        "id": 70,
        "departamento": "Sucre"
    },
    {
        "id": 85,
        "departamento": "Casanare"
    },
    {
        "id": 54,
        "departamento": "Norte de Santander"
    },
    {
        "id": 25,
        "departamento": "Cundinamarca"
    },
    {
        "id": 97,
        "departamento": "Vaupés"
    },
    {
        "id": 23,
        "departamento": "Córdoba"
    },
    {
        "id": 86,
        "departamento": "Putumayo"
    },
    {
        "id": 52,
        "departamento": "Nariño"
    },
    {
        "id": 8,
        "departamento": "Atlántico"
    },
    {
        "id": 13,
        "departamento": "Bolívar"
    },
    {
        "id": 76,
        "departamento": "Valle del Cauca"
    },
    {
        "id": 73,
        "departamento": "Tolima"
    },
    {
        "id": 18,
        "departamento": "Caquetá"
    },
    {
        "id": 91,
        "departamento": "Amazonas"
    },
    {
        "id": 15,
        "departamento": "Boyacá"
    },
    {
        "id": 19,
        "departamento": "Cauca"
    },
    {
        "id": 27,
        "departamento": "Chocó"
    },
    {
        "id": 17,
        "departamento": "Caldas"
    },
    {
        "id": 47,
        "departamento": "Magdalena"
    },
    {
        "id": 20,
        "departamento": "Cesar"
    },
    {
        "id": 63,
        "departamento": "Quindío"
    },
    {
        "id": 50,
        "departamento": "Meta"
    },
    {
        "id": 41,
        "departamento": "Huila"
    },
    {
        "id": 44,
        "departamento": "La Guajira"
    },
    {
        "id": 66,
        "departamento": "Risaralda"
    },
    {
        "id": 81,
        "departamento": "Arauca"
    },
    {
        "id": 94,
        "departamento": "Guainía"
    },
    {
        "id": 99,
        "departamento": "Vichada"
    },
    {
        "id": 95,
        "departamento": "Guaviare"
    },
    {
        "id": 88,
        "departamento": "Archipiélago de San Andrés, Providencia y Santa Catalina"
    },
    {
        "id": 11,
        "departamento": "Bogotá D.C."
    }
]