[
  {
    "id": 1,
    "sector": "Agricultura, ganadería, caza y actividades de servicios conexas"
  },
  {
    "id": 2,
    "sector": "Silvicultura y extracción de madera"
  },
  {
    "id": 3,
    "sector": "Pesca y acuicultura"
  },
  {
    "id": 5,
    "sector": "Extracción de carbón de piedra y lignito"
  },
  {
    "id": 6,
    "sector": "Extracción de petróleo crudo y gas natural"
  },
  {
    "id": 7,
    "sector": "Extracción de minerales metalíferos"
  },
  {
    "id": 8,
    "sector": "Extracción de otras minas y canteras"
  },
  {
    "id": 9,
    "sector": "Actividades de servicios de apoyo para la explotación de minas"
  },
  {
    "id": 10,
    "sector": "Elaboración de productos alimenticios"
  },
  {
    "id": 11,
    "sector": "Elaboración de bebidas"
  },
  {
    "id": 12,
    "sector": "Elaboración de productos de tabaco"
  },
  {
    "id": 13,
    "sector": "Fabricación de productos textiles"
  },
  {
    "id": 14,
    "sector": "Confección de prendas de vestir"
  },
  {
    "id": 15,
    "sector": "Curtido y recurtido de cueros; fabricación de calzado; fabricación de artículos de viaje, maletas, bolsos de mano y artículos similares, y fabricación de artículos de talabartería y guarnicionería; adobo y teñido de pieles"
  },
  {
    "id": 16,
    "sector": "Transformación de la madera y fabricación de productos de madera y de corcho, excepto muebles; fabricación de artículos de cestería y espartería"
  },
  {
    "id": 17,
    "sector": "Fabricación de papel, cartón y productos de papel y cartón"
  },
  {
    "id": 18,
    "sector": "Actividades de impresión y de producción de copias a partir de grabaciones originales"
  },
  {
    "id": 19,
    "sector": "Coquización, fabricación de productos de la refinación del petróleo y actividad de mezcla de combustibles"
  },
  {
    "id": 20,
    "sector": "Fabricación de sustancias y productos químicos"
  },
  {
    "id": 21,
    "sector": "Fabricación de productos farmacéuticos, sustancias químicas medicinales y productos botánicos de uso farmacéutico"
  },
  {
    "id": 22,
    "sector": "Fabricación de productos de caucho y de plástico"
  },
  {
    "id": 23,
    "sector": "Fabricación de otros productos minerales no metálicos"
  },
  {
    "id": 24,
    "sector": "Fabricación de productos metalúrgicos básicos"
  },
  {
    "id": 25,
    "sector": "Fabricación de productos elaborados de metal, excepto maquinaria y equipo"
  },
  {
    "id": 26,
    "sector": "Fabricación de productos informáticos, electrónicos y ópticos"
  },
  {
    "id": 27,
    "sector": "Fabricación de aparatos y equipo eléctrico"
  },
  {
    "id": 28,
    "sector": "Fabricación de maquinaria y equipo n.c.p."
  },
  {
    "id": 29,
    "sector": "Fabricación de vehículos automotores, remolques y semirremolques"
  },
  {
    "id": 30,
    "sector": "Fabricación de otros tipos de equipo de transporte"
  },
  {
    "id": 31,
    "sector": "Fabricación de muebles, colchones y somieres"
  },
  {
    "id": 32,
    "sector": "Otras industrias manufactureras"
  },
  {
    "id": 33,
    "sector": "Instalación, mantenimiento y reparación especializado de maquinaria y equipo"
  },
  {
    "id": 35,
    "sector": "Suministro de electricidad, gas, vapor y aire acondicionado"
  },
  {
    "id": 36,
    "sector": "Captación, tratamiento y distribución de agua"
  },
  {
    "id": 37,
    "sector": "Evacuación y tratamiento de aguas residuales"
  },
  {
    "id": 38,
    "sector": "Recolección, tratamiento y disposición de desechos, recuperación de materiales"
  },
  {
    "id": 39,
    "sector": "Actividades de saneamiento ambiental y otros servicios de gestión de desechos"
  },
  {
    "id": 41,
    "sector": "Construcción de edificios"
  },
  {
    "id": 42,
    "sector": "Obras de ingeniería civil"
  },
  {
    "id": 43,
    "sector": "Actividades especializadas para la construcción de edificios y obras de ingeniería civil"
  },
  {
    "id": 45,
    "sector": "Comercio, mantenimiento y reparación de vehículos automotores y motocicletas, sus partes, piezas y accesorios"
  },
  {
    "id": 46,
    "sector": "Comercio al por mayor y en comisión o por contrata, excepto el comercio de vehículos automotores y motocicletas"
  },
  {
    "id": 47,
    "sector": "Comercio al por menor (incluso el comercio al por menor de combustibles), excepto el de vehículos automotores y motocicletas"
  },
  {
    "id": 49,
    "sector": "Transporte terrestre; transporte por tuberías"
  },
  {
    "id": 50,
    "sector": "Transporte acuático"
  },
  {
    "id": 51,
    "sector": "Transporte aéreo"
  },
  {
    "id": 52,
    "sector": "Almacenamiento y actividades complementarias al transporte"
  },
  {
    "id": 53,
    "sector": "Correo y servicios de mensajería"
  },
  {
    "id": 55,
    "sector": "Alojamiento"
  },
  {
    "id": 56,
    "sector": "Actividades de servicios de comidas y bebidas"
  },
  {
    "id": 58,
    "sector": "Actividades de edición"
  },
  {
    "id": 59,
    "sector": "Actividades cinematográficas, de video y producción de programas de televisión, grabación de sonido y edición de música"
  },
  {
    "id": 60,
    "sector": "Actividades de programación, transmisión y/o difusión"
  },
  {
    "id": 61,
    "sector": "Telecomunicaciones"
  },
  {
    "id": 62,
    "sector": "Desarrollo de sistemas informáticos (planificación, análisis, diseño, programación, pruebas), consultoría informática y actividades relacionadas"
  },
  {
    "id": 63,
    "sector": "Actividades de servicios de información"
  },
  {
    "id": 64,
    "sector": "Actividades de servicios financieros, excepto las de seguros y de pensiones"
  },
  {
    "id": 65,
    "sector": "Seguros (incluso el reaseguro), seguros sociales y fondos de pensiones, excepto la seguridad social"
  },
  {
    "id": 66,
    "sector": "Actividades auxiliares de las actividades de servicios financieros"
  },
  {
    "id": 68,
    "sector": "Actividades inmobiliarias"
  },
  {
    "id": 69,
    "sector": "Actividades jurídicas y de contabilidad"
  },
  {
    "id": 70,
    "sector": "Actividades de administración empresarial; actividades de consultoría de gestión"
  },
  {
    "id": 71,
    "sector": "Actividades de arquitectura e ingeniería; ensayos y análisis técnicos"
  },
  {
    "id": 72,
    "sector": "Investigación científica y desarrollo"
  },
  {
    "id": 73,
    "sector": "Publicidad y estudios de mercado"
  },
  {
    "id": 74,
    "sector": "Otras actividades profesionales, científicas y técnicas"
  },
  {
    "id": 75,
    "sector": "Actividades veterinarias"
  },
  {
    "id": 77,
    "sector": "Actividades de alquiler y arrendamiento"
  },
  {
    "id": 78,
    "sector": "Actividades de empleo"
  },
  {
    "id": 79,
    "sector": "Actividades de las agencias de viajes, operadores turísticos, servicios de reserva y actividades relacionadas"
  },
  {
    "id": 80,
    "sector": "Actividades de seguridad e investigación privada"
  },
  {
    "id": 81,
    "sector": "Actividades de servicios a edificios y paisajismo (jardines, zonas verdes)"
  },
  {
    "id": 82,
    "sector": "Actividades administrativas y de apoyo de oficina y otras actividades de apoyo a las empresas"
  },
  {
    "id": 84,
    "sector": "Administración pública y defensa; planes de seguridad social de afiliación obligatoria"
  },
  {
    "id": 85,
    "sector": "Educación"
  },
  {
    "id": 86,
    "sector": "Actividades de atención de la salud humana"
  },
  {
    "id": 87,
    "sector": "Actividades de atención residencial medicalizada"
  },
  {
    "id": 88,
    "sector": "Actividades de asistencia social sin alojamiento"
  },
  {
    "id": 90,
    "sector": "Actividades creativas, artísticas y de entretenimiento"
  },
  {
    "id": 91,
    "sector": "Actividades de bibliotecas, archivos, museos y otras actividades culturales"
  },
  {
    "id": 92,
    "sector": "Actividades de juegos de azar y apuestas"
  },
  {
    "id": 93,
    "sector": "Actividades deportivas y actividades recreativas y de esparcimiento"
  },
  {
    "id": 94,
    "sector": "Actividades de asociaciones"
  },
  {
    "id": 95,
    "sector": "Mantenimiento y reparación de computadores, efectos personales y enseres domésticos"
  },
  {
    "id": 96,
    "sector": "Otras actividades de servicios personales"
  },
  {
    "id": 97,
    "sector": "Actividades de los hogares individuales como empleadores de personal doméstico"
  },
  {
    "id": 98,
    "sector": "Actividades no diferenciadas de los hogares individuales como productores de bienes y servicios para uso propio"
  },
  {
    "id": 99,
    "sector": "Actividades de organizaciones y entidades extraterritoriales"
  }
]