[{
        "id": 1,
        "sector_id": 1,
        "subsector": "Cultivo de cereales (excepto arroz), legumbres y semillas oleaginosas"
    },
    {
        "id": 2,
        "sector_id": 1,
        "subsector": "Cultivo de arroz"
    },
    {
        "id": 3,
        "sector_id": 1,
        "subsector": "Cultivo de hortalizas, raíces y tubérculos"
    },
    {
        "id": 4,
        "sector_id": 1,
        "subsector": "Cultivo de tabaco"
    },
    {
        "id": 5,
        "sector_id": 1,
        "subsector": "Cultivo de plantas textiles"
    },
    {
        "id": 6,
        "sector_id": 1,
        "subsector": "Otros cultivos transitorios n.c.p."
    },
    {
        "id": 7,
        "sector_id": 1,
        "subsector": "Cultivo de frutas tropicales y subtropicales"
    },
    {
        "id": 8,
        "sector_id": 1,
        "subsector": "Cultivo de plátano y banano"
    },
    {
        "id": 9,
        "sector_id": 1,
        "subsector": "Cultivo de café"
    },
    {
        "id": 10,
        "sector_id": 1,
        "subsector": "Cultivo de caña de azúcar"
    },
    {
        "id": 11,
        "sector_id": 1,
        "subsector": "Cultivo de flor de corte"
    },
    {
        "id": 12,
        "sector_id": 1,
        "subsector": "Cultivo de palma para aceite (palma africana) y otros frutos oleaginosos"
    },
    {
        "id": 13,
        "sector_id": 1,
        "subsector": "Cultivo de plantas con las que se preparan bebidas"
    },
    {
        "id": 14,
        "sector_id": 1,
        "subsector": "Cultivo de especias y de plantas aromáticas y medicinales"
    },
    {
        "id": 15,
        "sector_id": 1,
        "subsector": "Otros cultivos permanentes n.c.p."
    },
    {
        "id": 16,
        "sector_id": 1,
        "subsector": "Propagación de plantas (actividades de los viveros, excepto viveros forestales)"
    },
    {
        "id": 17,
        "sector_id": 1,
        "subsector": "Cría de ganado bovino y bufalino"
    },
    {
        "id": 18,
        "sector_id": 1,
        "subsector": "Cría de caballos y otros equinos"
    },
    {
        "id": 19,
        "sector_id": 1,
        "subsector": "Cría de ovejas y cabras"
    },
    {
        "id": 20,
        "sector_id": 1,
        "subsector": "Cría de ganado porcino"
    },
    {
        "id": 21,
        "sector_id": 1,
        "subsector": "Cría de aves de corral"
    },
    {
        "id": 22,
        "sector_id": 1,
        "subsector": "Cría de otros animales n.c.p."
    },
    {
        "id": 23,
        "sector_id": 1,
        "subsector": "Explotación mixta (agrícola y pecuaria)"
    },
    {
        "id": 24,
        "sector_id": 1,
        "subsector": "Actividades de apoyo a la agricultura"
    },
    {
        "id": 25,
        "sector_id": 1,
        "subsector": "Actividades de apoyo a la ganadería"
    },
    {
        "id": 26,
        "sector_id": 1,
        "subsector": "Actividades posteriores a la cosecha"
    },
    {
        "id": 27,
        "sector_id": 1,
        "subsector": "Tratamiento de semillas para propagación"
    },
    {
        "id": 28,
        "sector_id": 1,
        "subsector": "Caza ordinaria y mediante trampas y actividades de servicios conexas"
    },
    {
        "id": 29,
        "sector_id": 2,
        "subsector": "Silvicultura y otras actividades forestales"
    },
    {
        "id": 30,
        "sector_id": 2,
        "subsector": "Extracción de madera"
    },
    {
        "id": 31,
        "sector_id": 2,
        "subsector": "Recolección de productos forestales diferentes a la madera"
    },
    {
        "id": 32,
        "sector_id": 2,
        "subsector": "Servicios de apoyo a la silvicultura"
    },
    {
        "id": 33,
        "sector_id": 3,
        "subsector": "Pesca marítima"
    },
    {
        "id": 34,
        "sector_id": 3,
        "subsector": "Pesca de agua dulce"
    },
    {
        "id": 35,
        "sector_id": 3,
        "subsector": "Acuicultura marítima"
    },
    {
        "id": 36,
        "sector_id": 3,
        "subsector": "Acuicultura de agua dulce"
    },
    {
        "id": 37,
        "sector_id": 5,
        "subsector": "Extracción de hulla (carbón de piedra)"
    },
    {
        "id": 38,
        "sector_id": 5,
        "subsector": "Extracción de carbón lignito"
    },
    {
        "id": 39,
        "sector_id": 6,
        "subsector": "Extracción de petróleo crudo"
    },
    {
        "id": 40,
        "sector_id": 6,
        "subsector": "Extracción de gas natural"
    },
    {
        "id": 41,
        "sector_id": 7,
        "subsector": "Extracción de minerales de hierro"
    },
    {
        "id": 42,
        "sector_id": 7,
        "subsector": "Extracción de minerales de uranio y de torio"
    },
    {
        "id": 43,
        "sector_id": 7,
        "subsector": "Extracción de oro y otros metales preciosos"
    },
    {
        "id": 44,
        "sector_id": 7,
        "subsector": "Extracción de minerales de níquel"
    },
    {
        "id": 45,
        "sector_id": 7,
        "subsector": "Extracción de otros minerales metalíferos no ferrosos n.c.p."
    },
    {
        "id": 46,
        "sector_id": 8,
        "subsector": "Extracción de piedra, arena, arcillas comunes, yeso y anhidrita"
    },
    {
        "id": 47,
        "sector_id": 8,
        "subsector": "Extracción de arcillas de uso industrial, caliza, caolín y bentonitas"
    },
    {
        "id": 48,
        "sector_id": 8,
        "subsector": "Extracción de esmeraldas, piedras preciosas y semipreciosas"
    },
    {
        "id": 49,
        "sector_id": 8,
        "subsector": "Extracción de minerales para la fabricación de abonos y productos químicos"
    },
    {
        "id": 50,
        "sector_id": 8,
        "subsector": "Extracción de halita (sal)"
    },
    {
        "id": 51,
        "sector_id": 8,
        "subsector": "Extracción de otros minerales no metálicos n.c.p."
    },
    {
        "id": 52,
        "sector_id": 9,
        "subsector": "Actividades de apoyo para la extracción de petróleo y de gas natural"
    },
    {
        "id": 53,
        "sector_id": 9,
        "subsector": "Actividades de apoyo para otras actividades de explotación de minas y canteras"
    },
    {
        "id": 54,
        "sector_id": 10,
        "subsector": "Procesamiento y conservación de carne y productos cárnicos"
    },
    {
        "id": 55,
        "sector_id": 10,
        "subsector": "Procesamiento y conservación de pescados, crustáceos y moluscos"
    },
    {
        "id": 56,
        "sector_id": 10,
        "subsector": "Procesamiento y conservación de frutas, legumbres, hortalizas y tubérculos"
    },
    {
        "id": 57,
        "sector_id": 10,
        "subsector": "Elaboración de aceites y grasas de origen vegetal y animal"
    },
    {
        "id": 58,
        "sector_id": 10,
        "subsector": "Elaboración de productos lácteos"
    },
    {
        "id": 59,
        "sector_id": 10,
        "subsector": "Elaboración de productos de molinería"
    },
    {
        "id": 60,
        "sector_id": 10,
        "subsector": "Elaboración de almidones y productos derivados del almidón"
    },
    {
        "id": 61,
        "sector_id": 10,
        "subsector": "Trilla de café"
    },
    {
        "id": 62,
        "sector_id": 10,
        "subsector": "Descafeinado, tostión y molienda del café"
    },
    {
        "id": 63,
        "sector_id": 10,
        "subsector": "Otros derivados del café"
    },
    {
        "id": 64,
        "sector_id": 10,
        "subsector": "Elaboración y refinación de azúcar"
    },
    {
        "id": 65,
        "sector_id": 10,
        "subsector": "Elaboración de panela"
    },
    {
        "id": 66,
        "sector_id": 10,
        "subsector": "Elaboración de productos de panadería"
    },
    {
        "id": 67,
        "sector_id": 10,
        "subsector": "Elaboración de cacao, chocolate y productos de confitería"
    },
    {
        "id": 68,
        "sector_id": 10,
        "subsector": "Elaboración de macarrones, fideos, alcuzcuz y productos farináceos similares"
    },
    {
        "id": 69,
        "sector_id": 10,
        "subsector": "Elaboración de comidas y platos preparados"
    },
    {
        "id": 70,
        "sector_id": 10,
        "subsector": "Elaboración de otros productos alimenticios n.c.p."
    },
    {
        "id": 71,
        "sector_id": 10,
        "subsector": "Elaboración de alimentos preparados para animales"
    },
    {
        "id": 72,
        "sector_id": 11,
        "subsector": "Destilación, rectificación y mezcla de bebidas alcohólicas"
    },
    {
        "id": 73,
        "sector_id": 11,
        "subsector": "Elaboración de bebidas fermentadas no destiladas"
    },
    {
        "id": 74,
        "sector_id": 11,
        "subsector": "Producción de malta, elaboración de cervezas y otras bebidas malteadas"
    },
    {
        "id": 75,
        "sector_id": 11,
        "subsector": "Elaboración de bebidas no alcohólicas, producción de aguas minerales y de otras aguas embotelladas"
    },
    {
        "id": 76,
        "sector_id": 12,
        "subsector": "Elaboración de productos de tabaco"
    },
    {
        "id": 77,
        "sector_id": 13,
        "subsector": "Preparación e hilatura de fibras textiles"
    },
    {
        "id": 78,
        "sector_id": 13,
        "subsector": "Tejeduría de productos textiles"
    },
    {
        "id": 79,
        "sector_id": 13,
        "subsector": "Acabado de productos textiles"
    },
    {
        "id": 80,
        "sector_id": 13,
        "subsector": "Fabricación de tejidos de punto y ganchillo"
    },
    {
        "id": 81,
        "sector_id": 13,
        "subsector": "Confección de artículos con materiales textiles, excepto prendas de vestir"
    },
    {
        "id": 82,
        "sector_id": 13,
        "subsector": "Fabricación de tapetes y alfombras para pisos"
    },
    {
        "id": 83,
        "sector_id": 13,
        "subsector": "Fabricación de cuerdas, cordeles, cables, bramantes y redes"
    },
    {
        "id": 84,
        "sector_id": 13,
        "subsector": "Fabricación de otros artículos textiles n.c.p."
    },
    {
        "id": 85,
        "sector_id": 14,
        "subsector": "Confección de prendas de vestir, excepto prendas de piel"
    },
    {
        "id": 86,
        "sector_id": 14,
        "subsector": "Fabricación de artículos de piel"
    },
    {
        "id": 87,
        "sector_id": 14,
        "subsector": "Fabricación de artículos de punto y ganchillo"
    },
    {
        "id": 88,
        "sector_id": 15,
        "subsector": "Curtido y recurtido de cueros; recurtido y teñido de pieles"
    },
    {
        "id": 89,
        "sector_id": 15,
        "subsector": "Fabricación de artículos de viaje, bolsos de mano y artículos similares elaborados en cuero, y fabricación de artículos de talabartería y guarnicionería"
    },
    {
        "id": 90,
        "sector_id": 15,
        "subsector": "Fabricación de artículos de viaje, bolsos de mano y artículos similares; artículos de talabartería y guarnicionería elaborados en otros materiales"
    },
    {
        "id": 91,
        "sector_id": 15,
        "subsector": "Fabricación de calzado de cuero y piel, con cualquier tipo de suela"
    },
    {
        "id": 92,
        "sector_id": 15,
        "subsector": "Fabricación de otros tipos de calzado, excepto calzado de cuero y piel"
    },
    {
        "id": 93,
        "sector_id": 15,
        "subsector": "Fabricación de partes del calzado"
    },
    {
        "id": 94,
        "sector_id": 16,
        "subsector": "Aserrado, acepillado e impregnación de la madera"
    },
    {
        "id": 95,
        "sector_id": 16,
        "subsector": "Fabricación de hojas de madera para enchapado; fabricación de tableros contrachapados, tableros laminados, tableros de partículas y otros tableros y paneles"
    },
    {
        "id": 96,
        "sector_id": 16,
        "subsector": "Fabricación de partes y piezas de madera, de carpintería y ebanistería para la construcción"
    },
    {
        "id": 97,
        "sector_id": 16,
        "subsector": "Fabricación de recipientes de madera"
    },
    {
        "id": 98,
        "sector_id": 16,
        "subsector": "Fabricación de otros productos de madera; fabricación de artículos de corcho, cestería y espartería"
    },
    {
        "id": 99,
        "sector_id": 17,
        "subsector": "Fabricación de pulpas (pastas) celulósicas; papel y cartón"
    },
    {
        "id": 100,
        "sector_id": 17,
        "subsector": "Fabricación de papel y cartón ondulado (corrugado); fabricación de envases, empaques y de embalajes de papel y cartón."
    },
    {
        "id": 101,
        "sector_id": 17,
        "subsector": "Fabricación de otros artículos de papel y cartón"
    },
    {
        "id": 102,
        "sector_id": 18,
        "subsector": "Actividades de impresión"
    },
    {
        "id": 103,
        "sector_id": 18,
        "subsector": "Actividades de servicios relacionados con la impresión"
    },
    {
        "id": 104,
        "sector_id": 18,
        "subsector": "Producción de copias a partir de grabaciones originales"
    },
    {
        "id": 105,
        "sector_id": 19,
        "subsector": "Fabricación de productos de hornos de coque"
    },
    {
        "id": 106,
        "sector_id": 19,
        "subsector": "Fabricación de productos de la refinación del petróleo"
    },
    {
        "id": 107,
        "sector_id": 19,
        "subsector": "Actividad de mezcla de combustibles"
    },
    {
        "id": 108,
        "sector_id": 20,
        "subsector": "Fabricación de sustancias y productos químicos básicos"
    },
    {
        "id": 109,
        "sector_id": 20,
        "subsector": "Fabricación de abonos y compuestos inorgánicos nitrogenados"
    },
    {
        "id": 110,
        "sector_id": 20,
        "subsector": "Fabricación de plásticos en formas primarias"
    },
    {
        "id": 111,
        "sector_id": 20,
        "subsector": "Fabricación de caucho sintético en formas primarias"
    },
    {
        "id": 112,
        "sector_id": 20,
        "subsector": "Fabricación de plaguicidas y otros productos químicos de uso agropecuario"
    },
    {
        "id": 113,
        "sector_id": 20,
        "subsector": "Fabricación de pinturas, barnices y revestimientos similares, tintas para impresión y masillas"
    },
    {
        "id": 114,
        "sector_id": 20,
        "subsector": "Fabricación de jabones y detergentes, preparados para limpiar y pulir; perfumes y preparados de tocador"
    },
    {
        "id": 115,
        "sector_id": 20,
        "subsector": "Fabricación de otros productos químicos n.c.p."
    },
    {
        "id": 116,
        "sector_id": 20,
        "subsector": "Fabricación de fibras sintéticas y artificiales"
    },
    {
        "id": 117,
        "sector_id": 21,
        "subsector": "Fabricación de productos farmacéuticos, sustancias químicas medicinales y productos botánicos de uso farmacéutico"
    },
    {
        "id": 118,
        "sector_id": 22,
        "subsector": "Fabricación de llantas y neumáticos de caucho"
    },
    {
        "id": 119,
        "sector_id": 22,
        "subsector": "Reencauche de llantas usadas"
    },
    {
        "id": 120,
        "sector_id": 22,
        "subsector": "Fabricación de formas básicas de caucho y otros productos de caucho n.c.p."
    },
    {
        "id": 121,
        "sector_id": 22,
        "subsector": "Fabricación de formas básicas de plástico"
    },
    {
        "id": 122,
        "sector_id": 22,
        "subsector": "Fabricación de artículos de plástico n.c.p."
    },
    {
        "id": 123,
        "sector_id": 23,
        "subsector": "Fabricación de vidrio y productos de vidrio"
    },
    {
        "id": 124,
        "sector_id": 23,
        "subsector": "Fabricación de productos refractarios"
    },
    {
        "id": 125,
        "sector_id": 23,
        "subsector": "Fabricación de materiales de arcilla para la construcción"
    },
    {
        "id": 126,
        "sector_id": 23,
        "subsector": "Fabricación de otros productos de cerámica y porcelana"
    },
    {
        "id": 127,
        "sector_id": 23,
        "subsector": "Fabricación de cemento, cal y yeso"
    },
    {
        "id": 128,
        "sector_id": 23,
        "subsector": "Fabricación de artículos de hormigón, cemento y yeso"
    },
    {
        "id": 129,
        "sector_id": 23,
        "subsector": "Corte, tallado y acabado de la piedra"
    },
    {
        "id": 130,
        "sector_id": 23,
        "subsector": "Fabricación de otros productos minerales no metálicos n.c.p."
    },
    {
        "id": 131,
        "sector_id": 24,
        "subsector": "Industrias básicas de hierro y de acero"
    },
    {
        "id": 132,
        "sector_id": 24,
        "subsector": "Industrias básicas de metales preciosos"
    },
    {
        "id": 133,
        "sector_id": 24,
        "subsector": "Industrias básicas de otros metales no ferrosos"
    },
    {
        "id": 134,
        "sector_id": 24,
        "subsector": "Fundición de hierro y de acero"
    },
    {
        "id": 135,
        "sector_id": 24,
        "subsector": "Fundición de metales no ferrosos"
    },
    {
        "id": 136,
        "sector_id": 25,
        "subsector": "Fabricación de productos metálicos para uso estructural"
    },
    {
        "id": 137,
        "sector_id": 25,
        "subsector": "Fabricación de tanques, depósitos y recipientes de metal, excepto los utilizados para el envase o transporte de mercancías"
    },
    {
        "id": 138,
        "sector_id": 25,
        "subsector": "Fabricación de generadores de vapor, excepto calderas de agua caliente para calefacción central"
    },
    {
        "id": 139,
        "sector_id": 25,
        "subsector": "Fabricación de armas y municiones"
    },
    {
        "id": 140,
        "sector_id": 25,
        "subsector": "Forja, prensado, estampado y laminado de metal; pulvimetalurgia"
    },
    {
        "id": 141,
        "sector_id": 25,
        "subsector": "Tratamiento y revestimiento de metales; mecanizado"
    },
    {
        "id": 142,
        "sector_id": 25,
        "subsector": "Fabricación de artículos de cuchillería, herramientas de mano y artículos de ferretería"
    },
    {
        "id": 143,
        "sector_id": 25,
        "subsector": "Fabricación de otros productos elaborados de metal n.c.p."
    },
    {
        "id": 144,
        "sector_id": 26,
        "subsector": "Fabricación de componentes y tableros electrónicos"
    },
    {
        "id": 145,
        "sector_id": 26,
        "subsector": "Fabricación de computadoras y de equipo periférico"
    },
    {
        "id": 146,
        "sector_id": 26,
        "subsector": "Fabricación de equipos de comunicación"
    },
    {
        "id": 147,
        "sector_id": 26,
        "subsector": "Fabricación de aparatos electrónicos de consumo"
    },
    {
        "id": 148,
        "sector_id": 26,
        "subsector": "Fabricación de equipo de medición, prueba, navegación y control"
    },
    {
        "id": 149,
        "sector_id": 26,
        "subsector": "Fabricación de relojes"
    },
    {
        "id": 150,
        "sector_id": 26,
        "subsector": "Fabricación de equipo de irradiación y equipo electrónico de uso médico y terapéutico"
    },
    {
        "id": 151,
        "sector_id": 26,
        "subsector": "Fabricación de instrumentos ópticos y equipo fotográfico"
    },
    {
        "id": 152,
        "sector_id": 26,
        "subsector": "Fabricación de medios magnéticos y ópticos para almacenamiento de datos"
    },
    {
        "id": 153,
        "sector_id": 27,
        "subsector": "Fabricación de motores, generadores y transformadores eléctricos"
    },
    {
        "id": 154,
        "sector_id": 27,
        "subsector": "Fabricación de aparatos de distribución y control de la energía eléctrica"
    },
    {
        "id": 155,
        "sector_id": 27,
        "subsector": "Fabricación de pilas, baterías y acumuladores eléctricos"
    },
    {
        "id": 156,
        "sector_id": 27,
        "subsector": "Fabricación de hilos y cables eléctricos y de fibra óptica"
    },
    {
        "id": 157,
        "sector_id": 27,
        "subsector": "Fabricación de dispositivos de cableado"
    },
    {
        "id": 158,
        "sector_id": 27,
        "subsector": "Fabricación de equipos eléctricos de iluminación"
    },
    {
        "id": 159,
        "sector_id": 27,
        "subsector": "Fabricación de aparatos de uso doméstico"
    },
    {
        "id": 160,
        "sector_id": 27,
        "subsector": "Fabricación de otros tipos de equipo eléctrico n.c.p."
    },
    {
        "id": 161,
        "sector_id": 28,
        "subsector": "Fabricación de motores, turbinas, y partes para motores de combustión interna"
    },
    {
        "id": 162,
        "sector_id": 28,
        "subsector": "Fabricación de equipos de potencia hidráulica y neumática"
    },
    {
        "id": 163,
        "sector_id": 28,
        "subsector": "Fabricación de otras bombas, compresores, grifos y válvulas"
    },
    {
        "id": 164,
        "sector_id": 28,
        "subsector": "Fabricación de cojinetes, engranajes, trenes de engranajes y piezas de transmisión"
    },
    {
        "id": 165,
        "sector_id": 28,
        "subsector": "Fabricación de hornos, hogares y quemadores industriales"
    },
    {
        "id": 166,
        "sector_id": 28,
        "subsector": "Fabricación de equipo de elevación y manipulación"
    },
    {
        "id": 167,
        "sector_id": 28,
        "subsector": "Fabricación de maquinaria y equipo de oficina (excepto computadoras y equipo periférico)"
    },
    {
        "id": 168,
        "sector_id": 28,
        "subsector": "Fabricación de herramientas manuales con motor"
    },
    {
        "id": 169,
        "sector_id": 28,
        "subsector": "Fabricación de otros tipos de maquinaria y equipo de uso general n.c.p."
    },
    {
        "id": 170,
        "sector_id": 28,
        "subsector": "Fabricación de maquinaria agropecuaria y forestal"
    },
    {
        "id": 171,
        "sector_id": 28,
        "subsector": "Fabricación de máquinas formadoras de metal y de máquinas herramienta"
    },
    {
        "id": 172,
        "sector_id": 28,
        "subsector": "Fabricación de maquinaria para la metalurgia"
    },
    {
        "id": 173,
        "sector_id": 28,
        "subsector": "Fabricación de maquinaria para explotación de minas y canteras y para obras de construcción"
    },
    {
        "id": 174,
        "sector_id": 28,
        "subsector": "Fabricación de maquinaria para la elaboración de alimentos, bebidas y tabaco"
    },
    {
        "id": 175,
        "sector_id": 28,
        "subsector": "Fabricación de maquinaria para la elaboración de productos textiles, prendas de vestir y cueros"
    },
    {
        "id": 176,
        "sector_id": 28,
        "subsector": "Fabricación de otros tipos de maquinaria y equipo de uso especial n.c.p."
    },
    {
        "id": 177,
        "sector_id": 29,
        "subsector": "Fabricación de vehículos automotores y sus motores"
    },
    {
        "id": 178,
        "sector_id": 29,
        "subsector": "Fabricación de carrocerías para vehículos automotores; fabricación de remolques y semirremolques"
    },
    {
        "id": 179,
        "sector_id": 29,
        "subsector": "Fabricación de partes, piezas (autopartes) y accesorios (lujos) para vehículos automotores"
    },
    {
        "id": 180,
        "sector_id": 30,
        "subsector": "Construcción de barcos y de estructuras flotantes"
    },
    {
        "id": 181,
        "sector_id": 30,
        "subsector": "Construcción de embarcaciones de recreo y deporte"
    },
    {
        "id": 182,
        "sector_id": 30,
        "subsector": "Fabricación de locomotoras y de material rodante para ferrocarriles"
    },
    {
        "id": 183,
        "sector_id": 30,
        "subsector": "Fabricación de aeronaves, naves espaciales y de maquinaria conexa"
    },
    {
        "id": 184,
        "sector_id": 30,
        "subsector": "Fabricación de vehículos militares de combate"
    },
    {
        "id": 185,
        "sector_id": 30,
        "subsector": "Fabricación de motocicletas"
    },
    {
        "id": 186,
        "sector_id": 30,
        "subsector": "Fabricación de bicicletas y de sillas de ruedas para personas con discapacidad"
    },
    {
        "id": 187,
        "sector_id": 30,
        "subsector": "Fabricación de otros tipos de equipo de transporte n.c.p."
    },
    {
        "id": 188,
        "sector_id": 31,
        "subsector": "Fabricación de muebles"
    },
    {
        "id": 189,
        "sector_id": 31,
        "subsector": "Fabricación de colchones y somieres"
    },
    {
        "id": 190,
        "sector_id": 32,
        "subsector": "Fabricación de joyas, bisutería y artículos conexos"
    },
    {
        "id": 191,
        "sector_id": 32,
        "subsector": "Fabricación de instrumentos musicales"
    },
    {
        "id": 192,
        "sector_id": 32,
        "subsector": "Fabricación de artículos y equipo para la práctica del deporte"
    },
    {
        "id": 193,
        "sector_id": 32,
        "subsector": "Fabricación de juegos, juguetes y rompecabezas"
    },
    {
        "id": 194,
        "sector_id": 32,
        "subsector": "Fabricación de instrumentos, aparatos y materiales médicos y odontológicos (incluido mobiliario)"
    },
    {
        "id": 195,
        "sector_id": 32,
        "subsector": "Otras industrias manufactureras n.c.p."
    },
    {
        "id": 196,
        "sector_id": 33,
        "subsector": "Mantenimiento y reparación especializado de productos elaborados en metal"
    },
    {
        "id": 197,
        "sector_id": 33,
        "subsector": "Mantenimiento y reparación especializado de maquinaria y equipo"
    },
    {
        "id": 198,
        "sector_id": 33,
        "subsector": "Mantenimiento y reparación especializado de equipo electrónico y óptico"
    },
    {
        "id": 199,
        "sector_id": 33,
        "subsector": "Mantenimiento y reparación especializado de equipo eléctrico"
    },
    {
        "id": 200,
        "sector_id": 33,
        "subsector": "Mantenimiento y reparación especializado de equipo de transporte, excepto los vehículos automotores, motocicletas y bicicletas"
    },
    {
        "id": 201,
        "sector_id": 33,
        "subsector": "Mantenimiento y reparación de otros tipos de equipos y sus componentes n.c.p."
    },
    {
        "id": 202,
        "sector_id": 33,
        "subsector": "Instalación especializada de maquinaria y equipo industrial"
    },
    {
        "id": 203,
        "sector_id": 35,
        "subsector": "Generación de energía eléctrica"
    },
    {
        "id": 204,
        "sector_id": 35,
        "subsector": "Transmisión de energía eléctrica"
    },
    {
        "id": 205,
        "sector_id": 35,
        "subsector": "Distribución de energía eléctrica"
    },
    {
        "id": 206,
        "sector_id": 35,
        "subsector": "Comercialización de energía eléctrica"
    },
    {
        "id": 207,
        "sector_id": 35,
        "subsector": "Producción de gas; distribución de combustibles gaseosos por tuberías"
    },
    {
        "id": 208,
        "sector_id": 35,
        "subsector": "Suministro de vapor y aire acondicionado"
    },
    {
        "id": 209,
        "sector_id": 36,
        "subsector": "Captación, tratamiento y distribución de agua"
    },
    {
        "id": 210,
        "sector_id": 37,
        "subsector": "Evacuación y tratamiento de aguas residuales"
    },
    {
        "id": 211,
        "sector_id": 38,
        "subsector": "Recolección de desechos no peligrosos"
    },
    {
        "id": 212,
        "sector_id": 38,
        "subsector": "Recolección de desechos peligrosos"
    },
    {
        "id": 213,
        "sector_id": 38,
        "subsector": "Tratamiento y disposición de desechos no peligrosos"
    },
    {
        "id": 214,
        "sector_id": 38,
        "subsector": "Tratamiento y disposición de desechos peligrosos"
    },
    {
        "id": 215,
        "sector_id": 38,
        "subsector": "Recuperación de materiales"
    },
    {
        "id": 216,
        "sector_id": 39,
        "subsector": "Actividades de saneamiento ambiental y otros servicios de gestión de desechos"
    },
    {
        "id": 217,
        "sector_id": 41,
        "subsector": "Construcción de edificios residenciales"
    },
    {
        "id": 218,
        "sector_id": 41,
        "subsector": "Construcción de edificios no residenciales"
    },
    {
        "id": 219,
        "sector_id": 42,
        "subsector": "Construcción de carreteras y vías de ferrocarril"
    },
    {
        "id": 220,
        "sector_id": 42,
        "subsector": "Construcción de proyectos de servicio público"
    },
    {
        "id": 221,
        "sector_id": 42,
        "subsector": "Construcción de otras obras de ingeniería civil"
    },
    {
        "id": 222,
        "sector_id": 43,
        "subsector": "Demolición"
    },
    {
        "id": 223,
        "sector_id": 43,
        "subsector": "Preparación del terreno"
    },
    {
        "id": 224,
        "sector_id": 43,
        "subsector": "Instalaciones eléctricas"
    },
    {
        "id": 225,
        "sector_id": 43,
        "subsector": "Instalaciones de fontanería, calefacción y aire acondicionado"
    },
    {
        "id": 226,
        "sector_id": 43,
        "subsector": "Otras instalaciones especializadas"
    },
    {
        "id": 227,
        "sector_id": 43,
        "subsector": "Terminación y acabado de edificios y obras de ingeniería civil"
    },
    {
        "id": 228,
        "sector_id": 43,
        "subsector": "Otras actividades especializadas para la construcción de edificios y obras de ingeniería civil"
    },
    {
        "id": 229,
        "sector_id": 45,
        "subsector": "Comercio de vehículos automotores nuevos"
    },
    {
        "id": 230,
        "sector_id": 45,
        "subsector": "Comercio de vehículos automotores usados"
    },
    {
        "id": 231,
        "sector_id": 45,
        "subsector": "Mantenimiento y reparación de vehículos automotores"
    },
    {
        "id": 232,
        "sector_id": 45,
        "subsector": "Comercio de partes, piezas (autopartes) y accesorios (lujos) para vehículos automotores"
    },
    {
        "id": 233,
        "sector_id": 45,
        "subsector": "Comercio de motocicletas y de sus partes, piezas y accesorios"
    },
    {
        "id": 234,
        "sector_id": 45,
        "subsector": "Mantenimiento y reparación de motocicletas y de sus partes y piezas"
    },
    {
        "id": 235,
        "sector_id": 46,
        "subsector": "Comercio al por mayor a cambio de una retribución o por contrata"
    },
    {
        "id": 236,
        "sector_id": 46,
        "subsector": "Comercio al por mayor de materias primas agropecuarias; animales vivos"
    },
    {
        "id": 237,
        "sector_id": 46,
        "subsector": "Comercio al por mayor de productos alimenticios"
    },
    {
        "id": 238,
        "sector_id": 46,
        "subsector": "Comercio al por mayor de bebidas y tabaco"
    },
    {
        "id": 239,
        "sector_id": 46,
        "subsector": "Comercio al por mayor de productos textiles, productos confeccionados para uso doméstico"
    },
    {
        "id": 240,
        "sector_id": 46,
        "subsector": "Comercio al por mayor de prendas de vestir"
    },
    {
        "id": 241,
        "sector_id": 46,
        "subsector": "Comercio al por mayor de calzado"
    },
    {
        "id": 242,
        "sector_id": 46,
        "subsector": "Comercio al por mayor de aparatos y equipo de uso doméstico"
    },
    {
        "id": 243,
        "sector_id": 46,
        "subsector": "Comercio al por mayor de productos farmacéuticos, medicinales, cosméticos y de tocador"
    },
    {
        "id": 244,
        "sector_id": 46,
        "subsector": "Comercio al por mayor de otros utensilios domésticos n.c.p."
    },
    {
        "id": 245,
        "sector_id": 46,
        "subsector": "Comercio al por mayor de computadores, equipo periférico y programas de informática"
    },
    {
        "id": 246,
        "sector_id": 46,
        "subsector": "Comercio al por mayor de equipo, partes y piezas electrónicos y de telecomunicaciones"
    },
    {
        "id": 247,
        "sector_id": 46,
        "subsector": "Comercio al por mayor de maquinaria y equipo agropecuarios"
    },
    {
        "id": 248,
        "sector_id": 46,
        "subsector": "Comercio al por mayor de otros tipos de maquinaria y equipo n.c.p."
    },
    {
        "id": 249,
        "sector_id": 46,
        "subsector": "Comercio al por mayor de combustibles sólidos, líquidos, gaseosos y productos conexos"
    },
    {
        "id": 250,
        "sector_id": 46,
        "subsector": "Comercio al por mayor de metales y productos metalíferos"
    },
    {
        "id": 251,
        "sector_id": 46,
        "subsector": "Comercio al por mayor de materiales de construcción, artículos de ferretería, pinturas, productos de vidrio, equipo y materiales de fontanería y calefacción"
    },
    {
        "id": 252,
        "sector_id": 46,
        "subsector": "Comercio al por mayor de productos químicos básicos, cauchos y plásticos en formas primarias y productos químicos de uso agropecuario"
    },
    {
        "id": 253,
        "sector_id": 46,
        "subsector": "Comercio al por mayor de desperdicios, desechos y chatarra"
    },
    {
        "id": 254,
        "sector_id": 46,
        "subsector": "Comercio al por mayor de otros productos n.c.p."
    },
    {
        "id": 255,
        "sector_id": 46,
        "subsector": "Comercio al por mayor no especializado"
    },
    {
        "id": 256,
        "sector_id": 47,
        "subsector": "Comercio al por menor en establecimientos no especializados con surtido compuesto principalmente por alimentos, bebidas o tabaco"
    },
    {
        "id": 257,
        "sector_id": 47,
        "subsector": "Comercio al por menor en establecimientos no especializados, con surtido compuesto principalmente por productos diferentes de alimentos (víveres en general), bebidas y tabaco"
    },
    {
        "id": 258,
        "sector_id": 47,
        "subsector": "Comercio al por menor de productos agrícolas para el consumo en establecimientos especializados"
    },
    {
        "id": 259,
        "sector_id": 47,
        "subsector": "Comercio al por menor de leche, productos lácteos y huevos, en establecimientos especializados"
    },
    {
        "id": 260,
        "sector_id": 47,
        "subsector": "Comercio al por menor de carnes (incluye aves de corral), productos cárnicos, pescados y productos de mar, en establecimientos especializados"
    },
    {
        "id": 261,
        "sector_id": 47,
        "subsector": "Comercio al por menor de bebidas y productos del tabaco, en establecimientos especializados"
    },
    {
        "id": 262,
        "sector_id": 47,
        "subsector": "Comercio al por menor de otros productos alimenticios n.c.p., en establecimientos especializados"
    },
    {
        "id": 263,
        "sector_id": 47,
        "subsector": "Comercio al por menor de combustible para automotores"
    },
    {
        "id": 264,
        "sector_id": 47,
        "subsector": "Comercio al por menor de lubricantes (aceites, grasas), aditivos y productos de limpieza para vehículos automotores"
    },
    {
        "id": 265,
        "sector_id": 47,
        "subsector": "Comercio al por menor de computadores, equipos periféricos, programas de informática y equipos de telecomunicaciones en establecimientos especializados"
    },
    {
        "id": 266,
        "sector_id": 47,
        "subsector": "Comercio al por menor de equipos y aparatos de sonido y de video, en establecimientos especializados"
    },
    {
        "id": 267,
        "sector_id": 47,
        "subsector": "Comercio al por menor de productos textiles en establecimientos especializados"
    },
    {
        "id": 268,
        "sector_id": 47,
        "subsector": "Comercio al por menor de artículos de ferretería, pinturas y productos de vidrio en establecimientos especializados"
    },
    {
        "id": 269,
        "sector_id": 47,
        "subsector": "Comercio al por menor de tapices, alfombras y cubrimientos para paredes y pisos en establecimientos especializados"
    },
    {
        "id": 270,
        "sector_id": 47,
        "subsector": "Comercio al por menor de electrodomésticos y gasodomésticos de uso doméstico, muebles y equipos de iluminación"
    },
    {
        "id": 271,
        "sector_id": 47,
        "subsector": "Comercio al por menor de artículos y utensilios de uso doméstico"
    },
    {
        "id": 272,
        "sector_id": 47,
        "subsector": "Comercio al por menor de otros artículos domésticos en establecimientos especializados"
    },
    {
        "id": 273,
        "sector_id": 47,
        "subsector": "Comercio al por menor de libros, periódicos, materiales y artículos de papelería y escritorio, en establecimientos especializados"
    },
    {
        "id": 274,
        "sector_id": 47,
        "subsector": "Comercio al por menor de artículos deportivos, en establecimientos especializados"
    },
    {
        "id": 275,
        "sector_id": 47,
        "subsector": "Comercio al por menor de otros artículos culturales y de entretenimiento n.c.p. en establecimientos especializados"
    },
    {
        "id": 276,
        "sector_id": 47,
        "subsector": "Comercio al por menor de prendas de vestir y sus accesorios (incluye artículos de piel) en establecimientos especializados"
    },
    {
        "id": 277,
        "sector_id": 47,
        "subsector": "Comercio al por menor de todo tipo de calzado y artículos de cuero y sucedáneos del cuero en establecimientos especializados."
    },
    {
        "id": 278,
        "sector_id": 47,
        "subsector": "Comercio al por menor de productos farmacéuticos y medicinales, cosméticos y artículos de tocador en establecimientos especializados"
    },
    {
        "id": 279,
        "sector_id": 47,
        "subsector": "Comercio al por menor de otros productos nuevos en establecimientos especializados"
    },
    {
        "id": 280,
        "sector_id": 47,
        "subsector": "Comercio al por menor de artículos de segunda mano"
    },
    {
        "id": 281,
        "sector_id": 47,
        "subsector": "Comercio al por menor de alimentos, bebidas y tabaco, en puestos de venta móviles"
    },
    {
        "id": 282,
        "sector_id": 47,
        "subsector": "Comercio al por menor de productos textiles, prendas de vestir y calzado, en puestos de venta móviles"
    },
    {
        "id": 283,
        "sector_id": 47,
        "subsector": "Comercio al por menor de otros productos en puestos de venta móviles"
    },
    {
        "id": 284,
        "sector_id": 47,
        "subsector": "Comercio al por menor realizado a través de Internet"
    },
    {
        "id": 285,
        "sector_id": 47,
        "subsector": "Comercio al por menor realizado a través de casas de venta o por correo"
    },
    {
        "id": 286,
        "sector_id": 47,
        "subsector": "Otros tipos de comercio al por menor no realizado en establecimientos, puestos de venta o mercados."
    },
    {
        "id": 287,
        "sector_id": 49,
        "subsector": "Transporte férreo de pasajeros"
    },
    {
        "id": 288,
        "sector_id": 49,
        "subsector": "Transporte férreo de carga"
    },
    {
        "id": 289,
        "sector_id": 49,
        "subsector": "Transporte de pasajeros"
    },
    {
        "id": 290,
        "sector_id": 49,
        "subsector": "Transporte mixto"
    },
    {
        "id": 291,
        "sector_id": 49,
        "subsector": "Transporte de carga por carretera"
    },
    {
        "id": 292,
        "sector_id": 49,
        "subsector": "Transporte por tuberías"
    },
    {
        "id": 293,
        "sector_id": 50,
        "subsector": "Transporte de pasajeros marítimo y de cabotaje"
    },
    {
        "id": 294,
        "sector_id": 50,
        "subsector": "Transporte de carga marítimo y de cabotaje"
    },
    {
        "id": 295,
        "sector_id": 50,
        "subsector": "Transporte fluvial de pasajeros"
    },
    {
        "id": 296,
        "sector_id": 50,
        "subsector": "Transporte fluvial de carga"
    },
    {
        "id": 297,
        "sector_id": 51,
        "subsector": "Transporte aéreo nacional de pasajeros"
    },
    {
        "id": 298,
        "sector_id": 51,
        "subsector": "Transporte aéreo internacional de pasajeros"
    },
    {
        "id": 299,
        "sector_id": 51,
        "subsector": "Transporte aéreo nacional de carga"
    },
    {
        "id": 300,
        "sector_id": 51,
        "subsector": "Transporte aéreo internacional de carga"
    },
    {
        "id": 301,
        "sector_id": 52,
        "subsector": "Almacenamiento y depósito"
    },
    {
        "id": 302,
        "sector_id": 52,
        "subsector": "Actividades de estaciones, vías y servicios complementarios para el transporte terrestre"
    },
    {
        "id": 303,
        "sector_id": 52,
        "subsector": "Actividades de puertos y servicios complementarios para el transporte acuático"
    },
    {
        "id": 304,
        "sector_id": 52,
        "subsector": "Actividades de aeropuertos, servicios de navegación aérea y demás actividades conexas al transporte aéreo"
    },
    {
        "id": 305,
        "sector_id": 52,
        "subsector": "Manipulación de carga"
    },
    {
        "id": 306,
        "sector_id": 52,
        "subsector": "Otras actividades complementarias al transporte"
    },
    {
        "id": 307,
        "sector_id": 53,
        "subsector": "Actividades postales nacionales"
    },
    {
        "id": 308,
        "sector_id": 53,
        "subsector": "Actividades de mensajería"
    },
    {
        "id": 309,
        "sector_id": 55,
        "subsector": "Alojamiento en hoteles"
    },
    {
        "id": 310,
        "sector_id": 55,
        "subsector": "Alojamiento en apartahoteles"
    },
    {
        "id": 311,
        "sector_id": 55,
        "subsector": "Alojamiento en centros vacacionales"
    },
    {
        "id": 312,
        "sector_id": 55,
        "subsector": "Alojamiento rural"
    },
    {
        "id": 313,
        "sector_id": 55,
        "subsector": "Otros tipos de alojamientos para visitantes"
    },
    {
        "id": 314,
        "sector_id": 55,
        "subsector": "Actividades de zonas de camping y parques para vehículos recreacionales"
    },
    {
        "id": 315,
        "sector_id": 55,
        "subsector": "Servicio por horas"
    },
    {
        "id": 316,
        "sector_id": 55,
        "subsector": "Otros tipos de alojamiento n.c.p."
    },
    {
        "id": 317,
        "sector_id": 56,
        "subsector": "Expendio a la mesa de comidas preparadas"
    },
    {
        "id": 318,
        "sector_id": 56,
        "subsector": "Expendio por autoservicio de comidas preparadas"
    },
    {
        "id": 319,
        "sector_id": 56,
        "subsector": "Expendio de comidas preparadas en cafeterías"
    },
    {
        "id": 320,
        "sector_id": 56,
        "subsector": "Otros tipos de expendio de comidas preparadas n.c.p."
    },
    {
        "id": 321,
        "sector_id": 56,
        "subsector": "Catering para eventos"
    },
    {
        "id": 322,
        "sector_id": 56,
        "subsector": "Actividades de otros servicios de comidas"
    },
    {
        "id": 323,
        "sector_id": 56,
        "subsector": "Expendio de bebidas alcohólicas para el consumo dentro del establecimiento"
    },
    {
        "id": 324,
        "sector_id": 58,
        "subsector": "Edición de libros"
    },
    {
        "id": 325,
        "sector_id": 58,
        "subsector": "Edición de directorios y listas de correo"
    },
    {
        "id": 326,
        "sector_id": 58,
        "subsector": "Edición de periódicos, revistas y otras publicaciones periódicas"
    },
    {
        "id": 327,
        "sector_id": 58,
        "subsector": "Otros trabajos de edición"
    },
    {
        "id": 328,
        "sector_id": 58,
        "subsector": "Edición de programas de informática (software)"
    },
    {
        "id": 329,
        "sector_id": 59,
        "subsector": "Actividades de producción de películas cinematográficas, videos, programas, anuncios y comerciales de televisión"
    },
    {
        "id": 330,
        "sector_id": 59,
        "subsector": "Actividades de posproducción de películas cinematográficas, videos, programas, anuncios y comerciales de televisión"
    },
    {
        "id": 331,
        "sector_id": 59,
        "subsector": "Actividades de distribución de películas cinematográficas, videos, programas, anuncios y comerciales de televisión"
    },
    {
        "id": 332,
        "sector_id": 59,
        "subsector": "Actividades de exhibición de películas cinematográficas y videos"
    },
    {
        "id": 333,
        "sector_id": 59,
        "subsector": "Actividades de grabación de sonido y edición de música"
    },
    {
        "id": 334,
        "sector_id": 60,
        "subsector": "Actividades de programación y transmisión en el servicio de radiodifusión sonora"
    },
    {
        "id": 335,
        "sector_id": 60,
        "subsector": "Actividades de programación y transmisión de televisión"
    },
    {
        "id": 336,
        "sector_id": 61,
        "subsector": "Actividades de telecomunicaciones alámbricas"
    },
    {
        "id": 337,
        "sector_id": 61,
        "subsector": "Actividades de telecomunicaciones inalámbricas"
    },
    {
        "id": 338,
        "sector_id": 61,
        "subsector": "Actividades de telecomunicación satelital"
    },
    {
        "id": 339,
        "sector_id": 61,
        "subsector": "Otras actividades de telecomunicaciones"
    },
    {
        "id": 340,
        "sector_id": 62,
        "subsector": "Actividades de desarrollo de sistemas informáticos (planificación, análisis, diseño, programación, pruebas)"
    },
    {
        "id": 341,
        "sector_id": 62,
        "subsector": "Actividades de consultoría informática y actividades de administración de instalaciones informáticas"
    },
    {
        "id": 342,
        "sector_id": 62,
        "subsector": "Otras actividades de tecnologías de información y actividades de servicios informáticos"
    },
    {
        "id": 343,
        "sector_id": 63,
        "subsector": "Procesamiento de datos, alojamiento (hosting) y actividades relacionadas"
    },
    {
        "id": 344,
        "sector_id": 63,
        "subsector": "Portales web"
    },
    {
        "id": 345,
        "sector_id": 63,
        "subsector": "Actividades de agencias de noticias"
    },
    {
        "id": 346,
        "sector_id": 63,
        "subsector": "Otras actividades de servicio de información n.c.p."
    },
    {
        "id": 347,
        "sector_id": 64,
        "subsector": "Banco Central"
    },
    {
        "id": 348,
        "sector_id": 64,
        "subsector": "Bancos comerciales"
    },
    {
        "id": 349,
        "sector_id": 64,
        "subsector": "Actividades de las corporaciones financieras"
    },
    {
        "id": 350,
        "sector_id": 64,
        "subsector": "Actividades de las compañías de financiamiento"
    },
    {
        "id": 351,
        "sector_id": 64,
        "subsector": "Banca de segundo piso"
    },
    {
        "id": 352,
        "sector_id": 64,
        "subsector": "Actividades de las cooperativas financieras"
    },
    {
        "id": 353,
        "sector_id": 64,
        "subsector": "Fideicomisos, fondos y entidades financieras similares"
    },
    {
        "id": 354,
        "sector_id": 64,
        "subsector": "Fondos de cesantías"
    },
    {
        "id": 355,
        "sector_id": 64,
        "subsector": "Leasing financiero (arrendamiento financiero)"
    },
    {
        "id": 356,
        "sector_id": 64,
        "subsector": "Actividades financieras de fondos de empleados y otras formas asociativas del sector solidario"
    },
    {
        "id": 357,
        "sector_id": 64,
        "subsector": "Actividades de compra de cartera o factoring"
    },
    {
        "id": 358,
        "sector_id": 64,
        "subsector": "Otras actividades de distribución de fondos"
    },
    {
        "id": 359,
        "sector_id": 64,
        "subsector": "Instituciones especiales oficiales"
    },
    {
        "id": 360,
        "sector_id": 64,
        "subsector": "Otras actividades de servicio financiero, excepto las de seguros y pensiones n.c.p."
    },
    {
        "id": 361,
        "sector_id": 65,
        "subsector": "Seguros generales"
    },
    {
        "id": 362,
        "sector_id": 65,
        "subsector": "Seguros de vida"
    },
    {
        "id": 363,
        "sector_id": 65,
        "subsector": "Reaseguros"
    },
    {
        "id": 364,
        "sector_id": 65,
        "subsector": "Capitalización"
    },
    {
        "id": 365,
        "sector_id": 65,
        "subsector": "Servicios de seguros sociales de salud"
    },
    {
        "id": 366,
        "sector_id": 65,
        "subsector": "Servicios de seguros sociales de riesgos profesionales"
    },
    {
        "id": 367,
        "sector_id": 65,
        "subsector": "Régimen de prima media con prestación definida (RPM)"
    },
    {
        "id": 368,
        "sector_id": 65,
        "subsector": "Régimen de ahorro individual (RAI)"
    },
    {
        "id": 369,
        "sector_id": 66,
        "subsector": "Administración de mercados financieros"
    },
    {
        "id": 370,
        "sector_id": 66,
        "subsector": "Corretaje de valores y de contratos de productos básicos"
    },
    {
        "id": 371,
        "sector_id": 66,
        "subsector": "Otras actividades relacionadas con el mercado de valores"
    },
    {
        "id": 372,
        "sector_id": 66,
        "subsector": "Actividades de las casas de cambio"
    },
    {
        "id": 373,
        "sector_id": 66,
        "subsector": "Actividades de los profesionales de compra y venta de divisas"
    },
    {
        "id": 374,
        "sector_id": 66,
        "subsector": "Otras actividades auxiliares de las actividades de servicios financieros n.c.p."
    },
    {
        "id": 375,
        "sector_id": 66,
        "subsector": "Actividades de agentes y corredores de seguros"
    },
    {
        "id": 376,
        "sector_id": 66,
        "subsector": "Evaluación de riesgos y daños, y otras actividades de servicios auxiliares"
    },
    {
        "id": 377,
        "sector_id": 66,
        "subsector": "Actividades de administración de fondos"
    },
    {
        "id": 378,
        "sector_id": 68,
        "subsector": "Actividades inmobiliarias realizadas con bienes propios o arrendados"
    },
    {
        "id": 379,
        "sector_id": 68,
        "subsector": "Actividades inmobiliarias realizadas a cambio de una retribución o por contrato"
    },
    {
        "id": 380,
        "sector_id": 69,
        "subsector": "Actividades jurídicas"
    },
    {
        "id": 381,
        "sector_id": 69,
        "subsector": "Actividades de contabilidad, teneduría de libros, auditoría financiera y asesoría tributaria"
    },
    {
        "id": 382,
        "sector_id": 70,
        "subsector": "Actividades de administración empresarial"
    },
    {
        "id": 383,
        "sector_id": 70,
        "subsector": "Actividades de consultoría de gestión"
    },
    {
        "id": 384,
        "sector_id": 71,
        "subsector": "Actividades de arquitectura e ingeniería y otras actividades conexas de consultoría técnica"
    },
    {
        "id": 385,
        "sector_id": 71,
        "subsector": "Ensayos y análisis técnicos"
    },
    {
        "id": 386,
        "sector_id": 72,
        "subsector": "Investigaciones y desarrollo experimental en el campo de las ciencias naturales y la ingeniería"
    },
    {
        "id": 387,
        "sector_id": 72,
        "subsector": "Investigaciones y desarrollo experimental en el campo de las ciencias sociales y las humanidades"
    },
    {
        "id": 388,
        "sector_id": 73,
        "subsector": "Publicidad"
    },
    {
        "id": 389,
        "sector_id": 73,
        "subsector": "Estudios de mercado y realización de encuestas de opinión pública"
    },
    {
        "id": 390,
        "sector_id": 74,
        "subsector": "Actividades especializadas de diseño"
    },
    {
        "id": 391,
        "sector_id": 74,
        "subsector": "Actividades de fotografía"
    },
    {
        "id": 392,
        "sector_id": 74,
        "subsector": "Otras actividades profesionales, científicas y técnicas n.c.p."
    },
    {
        "id": 393,
        "sector_id": 75,
        "subsector": "Actividades veterinarias"
    },
    {
        "id": 394,
        "sector_id": 77,
        "subsector": "Alquiler y arrendamiento de vehículos automotores"
    },
    {
        "id": 395,
        "sector_id": 77,
        "subsector": "Alquiler y arrendamiento de equipo recreativo y deportivo"
    },
    {
        "id": 396,
        "sector_id": 77,
        "subsector": "Alquiler de videos y discos"
    },
    {
        "id": 397,
        "sector_id": 77,
        "subsector": "Alquiler y arrendamiento de otros efectos personales y enseres domésticos n.c.p."
    },
    {
        "id": 398,
        "sector_id": 77,
        "subsector": "Alquiler y arrendamiento de otros tipos de maquinaria, equipo y bienes tangibles n.c.p."
    },
    {
        "id": 399,
        "sector_id": 77,
        "subsector": "Arrendamiento de propiedad intelectual y productos similares, excepto obras protegidas por derechos de autor"
    },
    {
        "id": 400,
        "sector_id": 78,
        "subsector": "Actividades de agencias de empleo"
    },
    {
        "id": 401,
        "sector_id": 78,
        "subsector": "Actividades de agencias de empleo temporal"
    },
    {
        "id": 402,
        "sector_id": 78,
        "subsector": "Otras actividades de suministro de recurso humano"
    },
    {
        "id": 403,
        "sector_id": 79,
        "subsector": "Actividades de las agencias de viaje"
    },
    {
        "id": 404,
        "sector_id": 79,
        "subsector": "Actividades de operadores turísticos"
    },
    {
        "id": 405,
        "sector_id": 79,
        "subsector": "Otros servicios de reserva y actividades relacionadas"
    },
    {
        "id": 406,
        "sector_id": 80,
        "subsector": "Actividades de seguridad privada"
    },
    {
        "id": 407,
        "sector_id": 80,
        "subsector": "Actividades de servicios de sistemas de seguridad"
    },
    {
        "id": 408,
        "sector_id": 80,
        "subsector": "Actividades de detectives e investigadores privados"
    },
    {
        "id": 409,
        "sector_id": 81,
        "subsector": "Actividades combinadas de apoyo a instalaciones"
    },
    {
        "id": 410,
        "sector_id": 81,
        "subsector": "Limpieza general interior de edificios"
    },
    {
        "id": 411,
        "sector_id": 81,
        "subsector": "Otras actividades de limpieza de edificios e instalaciones industriales"
    },
    {
        "id": 412,
        "sector_id": 81,
        "subsector": "Actividades de paisajismo y servicios de mantenimiento conexos"
    },
    {
        "id": 413,
        "sector_id": 82,
        "subsector": "Actividades combinadas de servicios administrativos de oficina"
    },
    {
        "id": 414,
        "sector_id": 82,
        "subsector": "Fotocopiado, preparación de documentos y otras actividades especializadas de apoyo a oficina"
    },
    {
        "id": 415,
        "sector_id": 82,
        "subsector": "Actividades de centros de llamadas (Call center)"
    },
    {
        "id": 416,
        "sector_id": 82,
        "subsector": "Organización de convenciones y eventos comerciales"
    },
    {
        "id": 417,
        "sector_id": 82,
        "subsector": "Actividades de agencias de cobranza y oficinas de calificación crediticia"
    },
    {
        "id": 418,
        "sector_id": 82,
        "subsector": "Actividades de envase y empaque"
    },
    {
        "id": 419,
        "sector_id": 82,
        "subsector": "Otras actividades de servicio de apoyo a las empresas n.c.p."
    },
    {
        "id": 420,
        "sector_id": 84,
        "subsector": "Actividades legislativas de la administración pública"
    },
    {
        "id": 421,
        "sector_id": 84,
        "subsector": "Actividades ejecutivas de la administración pública"
    },
    {
        "id": 422,
        "sector_id": 84,
        "subsector": "Regulación de las actividades de organismos que prestan servicios de salud, educativos, culturales y otros servicios sociales, excepto servicios de seguridad social"
    },
    {
        "id": 423,
        "sector_id": 84,
        "subsector": "Actividades reguladoras y facilitadoras de la actividad económica"
    },
    {
        "id": 424,
        "sector_id": 84,
        "subsector": "Actividades de los otros órganos de control"
    },
    {
        "id": 425,
        "sector_id": 84,
        "subsector": "Relaciones exteriores"
    },
    {
        "id": 426,
        "sector_id": 84,
        "subsector": "Actividades de defensa"
    },
    {
        "id": 427,
        "sector_id": 84,
        "subsector": "Orden público y actividades de seguridad"
    },
    {
        "id": 428,
        "sector_id": 84,
        "subsector": "Administración de justicia"
    },
    {
        "id": 429,
        "sector_id": 84,
        "subsector": "Actividades de planes de seguridad social de afiliación obligatoria"
    },
    {
        "id": 430,
        "sector_id": 85,
        "subsector": "Educación de la primera infancia"
    },
    {
        "id": 431,
        "sector_id": 85,
        "subsector": "Educación preescolar"
    },
    {
        "id": 432,
        "sector_id": 85,
        "subsector": "Educación básica primaria"
    },
    {
        "id": 433,
        "sector_id": 85,
        "subsector": "Educación básica secundaria"
    },
    {
        "id": 434,
        "sector_id": 85,
        "subsector": "Educación media académica"
    },
    {
        "id": 435,
        "sector_id": 85,
        "subsector": "Educación media técnica y de formación laboral"
    },
    {
        "id": 436,
        "sector_id": 85,
        "subsector": "Establecimientos que combinan diferentes niveles de educación"
    },
    {
        "id": 437,
        "sector_id": 85,
        "subsector": "Educación técnica profesional"
    },
    {
        "id": 438,
        "sector_id": 85,
        "subsector": "Educación tecnológica"
    },
    {
        "id": 439,
        "sector_id": 85,
        "subsector": "Educación de instituciones universitarias o de escuelas tecnológicas"
    },
    {
        "id": 440,
        "sector_id": 85,
        "subsector": "Educación de universidades"
    },
    {
        "id": 441,
        "sector_id": 85,
        "subsector": "Formación académica no formal"
    },
    {
        "id": 442,
        "sector_id": 85,
        "subsector": "Enseñanza deportiva y recreativa"
    },
    {
        "id": 443,
        "sector_id": 85,
        "subsector": "Enseñanza cultural"
    },
    {
        "id": 444,
        "sector_id": 85,
        "subsector": "Otros tipos de educación n.c.p."
    },
    {
        "id": 445,
        "sector_id": 85,
        "subsector": "Actividades de apoyo a la educación"
    },
    {
        "id": 446,
        "sector_id": 86,
        "subsector": "Actividades de hospitales y clínicas, con internación"
    },
    {
        "id": 447,
        "sector_id": 86,
        "subsector": "Actividades de la práctica médica, sin internación"
    },
    {
        "id": 448,
        "sector_id": 86,
        "subsector": "Actividades de la práctica odontológica"
    },
    {
        "id": 449,
        "sector_id": 86,
        "subsector": "Actividades de apoyo diagnóstico"
    },
    {
        "id": 450,
        "sector_id": 86,
        "subsector": "Actividades de apoyo terapéutico"
    },
    {
        "id": 451,
        "sector_id": 86,
        "subsector": "Otras actividades de atención de la salud humana"
    },
    {
        "id": 452,
        "sector_id": 87,
        "subsector": "Actividades de atención residencial medicalizada de tipo general"
    },
    {
        "id": 453,
        "sector_id": 87,
        "subsector": "Actividades de atención residencial, para el cuidado de pacientes con retardo mental, enfermedad mental y consumo de sustancias psicoactivas"
    },
    {
        "id": 454,
        "sector_id": 87,
        "subsector": "Actividades de atención en instituciones para el cuidado de personas mayores y/o discapacitadas"
    },
    {
        "id": 455,
        "sector_id": 87,
        "subsector": "Otras actividades de atención en instituciones con alojamiento"
    },
    {
        "id": 456,
        "sector_id": 88,
        "subsector": "Actividades de asistencia social sin alojamiento para personas mayores y discapacitadas"
    },
    {
        "id": 457,
        "sector_id": 88,
        "subsector": "Otras actividades de asistencia social sin alojamiento"
    },
    {
        "id": 458,
        "sector_id": 90,
        "subsector": "Creación literaria"
    },
    {
        "id": 459,
        "sector_id": 90,
        "subsector": "Creación musical"
    },
    {
        "id": 460,
        "sector_id": 90,
        "subsector": "Creación teatral"
    },
    {
        "id": 461,
        "sector_id": 90,
        "subsector": "Creación audiovisual"
    },
    {
        "id": 462,
        "sector_id": 90,
        "subsector": "Artes plásticas y visuales"
    },
    {
        "id": 463,
        "sector_id": 90,
        "subsector": "Actividades teatrales"
    },
    {
        "id": 464,
        "sector_id": 90,
        "subsector": "Actividades de espectáculos musicales en vivo"
    },
    {
        "id": 465,
        "sector_id": 90,
        "subsector": "Otras actividades de espectáculos en vivo"
    },
    {
        "id": 466,
        "sector_id": 91,
        "subsector": "Actividades de bibliotecas y archivos"
    },
    {
        "id": 467,
        "sector_id": 91,
        "subsector": "Actividades y funcionamiento de museos, conservación de edificios y sitios históricos"
    },
    {
        "id": 468,
        "sector_id": 91,
        "subsector": "Actividades de jardines botánicos, zoológicos y reservas naturales"
    },
    {
        "id": 469,
        "sector_id": 92,
        "subsector": "Actividades de juegos de azar y apuestas"
    },
    {
        "id": 470,
        "sector_id": 93,
        "subsector": "Gestión de instalaciones deportivas"
    },
    {
        "id": 471,
        "sector_id": 93,
        "subsector": "Actividades de clubes deportivos"
    },
    {
        "id": 472,
        "sector_id": 93,
        "subsector": "Otras actividades deportivas"
    },
    {
        "id": 473,
        "sector_id": 93,
        "subsector": "Actividades de parques de atracciones y parques temáticos"
    },
    {
        "id": 474,
        "sector_id": 93,
        "subsector": "Otras actividades recreativas y de esparcimiento n.c.p."
    },
    {
        "id": 475,
        "sector_id": 94,
        "subsector": "Actividades de asociaciones empresariales y de empleadores"
    },
    {
        "id": 476,
        "sector_id": 94,
        "subsector": "Actividades de asociaciones profesionales"
    },
    {
        "id": 477,
        "sector_id": 94,
        "subsector": "Actividades de sindicatos de empleados"
    },
    {
        "id": 478,
        "sector_id": 94,
        "subsector": "Actividades de asociaciones religiosas"
    },
    {
        "id": 479,
        "sector_id": 94,
        "subsector": "Actividades de asociaciones políticas"
    },
    {
        "id": 480,
        "sector_id": 94,
        "subsector": "Actividades de otras asociaciones n.c.p."
    },
    {
        "id": 481,
        "sector_id": 95,
        "subsector": "Mantenimiento y reparación de computadores y de equipo periférico"
    },
    {
        "id": 482,
        "sector_id": 95,
        "subsector": "Mantenimiento y reparación de equipos de comunicación"
    },
    {
        "id": 483,
        "sector_id": 95,
        "subsector": "Mantenimiento y reparación de aparatos electrónicos de consumo"
    },
    {
        "id": 484,
        "sector_id": 95,
        "subsector": "Mantenimiento y reparación de aparatos y equipos domésticos y de jardinería"
    },
    {
        "id": 485,
        "sector_id": 95,
        "subsector": "Reparación de calzado y artículos de cuero"
    },
    {
        "id": 486,
        "sector_id": 95,
        "subsector": "Reparación de muebles y accesorios para el hogar"
    },
    {
        "id": 487,
        "sector_id": 95,
        "subsector": "Mantenimiento y reparación de otros efectos personales y enseres domésticos"
    },
    {
        "id": 488,
        "sector_id": 96,
        "subsector": "Lavado y limpieza, incluso la limpieza en seco, de productos textiles y de piel"
    },
    {
        "id": 489,
        "sector_id": 96,
        "subsector": "Peluquería y otros tratamientos de belleza"
    },
    {
        "id": 490,
        "sector_id": 96,
        "subsector": "Pompas fúnebres y actividades relacionadas"
    },
    {
        "id": 491,
        "sector_id": 96,
        "subsector": "Otras actividades de servicios personales n.c.p."
    },
    {
        "id": 492,
        "sector_id": 97,
        "subsector": "Actividades de los hogares individuales como empleadores de personal doméstico"
    },
    {
        "id": 493,
        "sector_id": 98,
        "subsector": "Actividades no diferenciadas de los hogares individuales como productores de bienes para uso propio"
    },
    {
        "id": 494,
        "sector_id": 98,
        "subsector": "Actividades no diferenciadas de los hogares individuales como productores de servicios para uso propio"
    },
    {
        "id": 495,
        "sector_id": 99,
        "subsector": "Actividades de organizaciones y entidades extraterritoriales"
    }
]